date,BTC,QQQ,SHY,GLD,UUP,TLT,QQQ_dividend,SHY_dividend
2016-08-25,576.033436586791,116.61,85.01,126.23,24.5,139.17,0.0,0.0
2016-08-26,578.874653419053,116.78,84.93,126.05,24.68,138.36,0.0,0.0
2016-08-27,570.200993746347,,,,,,0.0,0.0
2016-08-28,575.105232554062,,,,,,0.0,0.0
2016-08-29,573.429267562829,116.94,84.98,126.3,24.7,140.21,0.0,0.0
2016-08-30,575.695698421976,116.56,84.99,125.03,24.83,139.67,0.0,0.0
2016-08-31,572.272758328463,116.44,84.98,124.78,24.82,139.87,0.0,0.0
2016-09-01,572.221702045587,116.74,84.97,125.29,24.73,139.77,0.0,0.050066
2016-09-02,576.846767387493,117.12,84.97,126.57,24.79,138.63,0.0,0.0
2016-09-03,600.374406779661,,,,,,0.0,0.0
2016-09-04,610.538913325541,,,,,,0.0,0.0
2016-09-05,607.526964172998,,,,,,0.0,0.0
2016-09-06,612.995458270017,117.85,85.03,128.71,24.5,139.64,0.0,0.0
2016-09-07,615.659819111631,117.92,85.03,128.27,24.54,139.54,0.0,0.0
2016-09-08,630.550172004676,117.23,84.97,127.59,24.57,137.79,0.0,0.0
2016-09-09,622.977884044418,114.28,84.94,126.75,24.64,135.52,0.0,0.0
2016-09-10,624.752640444185,,,,,,0.0,0.0
2016-09-11,608.246675920514,,,,,,0.0,0.0
2016-09-12,607.70737270602,116.33,84.97,126.59,24.6,135.59,0.0,0.0
2016-09-13,608.694296317943,115.29,84.94,125.75,24.7,134.05,0.0,0.0
2016-09-14,609.41308766803,115.84,84.99,126.18,24.64,134.25,0.0,0.0
2016-09-15,607.070262594974,117.64,85.06,125.37,24.63,133.67,0.0,0.0
2016-09-16,607.806438047925,117.29,85.02,125.06,24.83,134.75,0.29387,0.0
2016-09-17,607.381449678551,,,,,,0.0,0.0
2016-09-18,611.533460315605,,,,,,0.0,0.0
2016-09-19,608.871306312098,116.78,85.0,125.32,24.77,134.31,0.0,0.0
2016-09-20,608.371748626534,117.0,84.98,125.44,24.81,134.78,0.0,0.0
2016-09-21,596.945756633548,118.15,85.0,127.27,24.7,135.87,0.0,0.0
2016-09-22,595.564716540035,119.09,84.98,127.57,24.67,136.95,0.0,0.0
2016-09-23,602.378784921099,118.33,85.03,127.65,24.68,136.82,0.0,0.0
2016-09-24,602.687359731151,,,,,,0.0,0.0
2016-09-25,600.610054880187,,,,,,0.0,0.0
2016-09-26,606.778810637055,117.34,85.08,127.55,24.63,137.69,0.0,0.0
2016-09-27,605.151613734658,118.5,85.09,126.62,24.65,138.7,0.0,0.0
2016-09-28,604.686494389246,118.7,85.08,126.22,24.67,138.4,0.0,0.0
2016-09-29,605.202561952075,117.84,85.11,126.07,24.69,138.75,0.0,0.0
2016-09-30,608.865840736412,118.72,85.04,125.64,24.68,137.51,0.0,0.0
2016-10-01,615.408478842782,,,,,,0.0,0.0
2016-10-02,611.748578316774,,,,,,0.0,0.0
2016-10-03,612.590347399182,118.55,84.98,125.32,24.73,136.81,0.0,0.048694
2016-10-04,610.007881355932,118.37,84.91,120.97,24.84,135.21,0.0,0.0
2016-10-05,612.147780946815,118.79,84.86,120.78,24.87,134.58,0.0,0.0
2016-10-06,611.76086277031,118.73,84.86,119.66,25.0,133.83,0.0,0.0
2016-10-07,617.905705143191,118.47,84.89,119.74,24.96,133.92,0.0,0.0
2016-10-08,619.301001753361,,,,,,0.0,0.0
2016-10-09,617.101041320865,,,,,,0.0,0.0
2016-10-10,618.0852,119.22,84.85,120.16,25.06,133.13,0.0,0.0
2016-10-11,642.981387258913,117.52,84.84,119.55,25.25,132.83,0.0,0.0
2016-10-12,636.59793220339,117.42,84.84,119.74,25.32,132.96,0.0,0.0
2016-10-13,635.444095324372,117.0,84.87,120.03,25.23,133.46,0.0,0.0
2016-10-14,639.586090298071,117.14,84.85,119.36,25.36,131.59,0.0,0.0
2016-10-15,637.283759322034,,,,,,0.0,0.0
2016-10-16,642.913042548217,,,,,,0.0,0.0
2016-10-17,639.137536469901,116.82,84.92,119.68,25.3,132.43,0.0,0.0
2016-10-18,635.576508591467,117.86,84.95,120.42,25.32,132.86,0.0,0.0
2016-10-19,629.640708036236,117.85,84.95,121.11,25.33,132.97,0.0,0.0
2016-10-20,628.598901110462,117.71,84.91,120.74,25.41,133.11,0.0,0.0
2016-10-21,630.90620338983,118.15,84.93,120.83,25.5,133.31,0.0,0.0
2016-10-22,654.508630976037,,,,,,0.0,0.0
2016-10-23,651.961956750438,,,,,,0.0,0.0
2016-10-24,650.027167153711,119.57,84.9,120.56,25.53,132.73,0.0,0.0
2016-10-25,655.792505084746,119.19,84.9,121.47,25.52,133.08,0.0,0.0
2016-10-26,675.109869316189,118.38,84.87,120.79,25.51,132.18,0.0,0.0
2016-10-27,686.523327060199,117.84,84.89,121.01,25.56,130.74,0.0,0.0
2016-10-28,690.390654938632,117.1,84.89,121.58,25.41,130.45,0.0,0.0
2016-10-29,715.445469316189,,,,,,0.0,0.0
2016-10-30,699.333410987726,,,,,,0.0,0.0
2016-10-31,698.897727995325,116.99,84.95,121.94,25.42,131.25,0.0,0.0
2016-11-01,730.578480011689,116.11,84.9,122.73,25.29,131.01,0.0,0.050604
2016-11-02,740.367055523086,115.18,84.95,123.64,25.2,131.58,0.0,0.0
2016-11-03,689.939206954997,114.05,84.96,124.3,25.13,130.57,0.0,0.0
2016-11-04,705.432016656926,113.65,84.99,124.39,25.06,131.74,0.0,0.0
2016-11-05,706.819325569842,,,,,,0.0,0.0
2016-11-06,715.896879777908,,,,,,0.0,0.0
2016-11-07,706.181216773816,116.35,84.96,122.15,25.27,130.62,0.0,0.0
2016-11-08,711.835846580947,117.11,84.87,121.64,25.34,130.09,0.0,0.0
2016-11-09,721.50150993571,117.65,84.76,121.56,25.5,124.57,0.0,0.0
2016-11-10,713.407615604909,115.75,84.73,119.75,25.55,122.73,0.0,0.0
2016-11-11,715.703310637055,115.8,84.73,117.1,25.59,122.04,0.0,0.0
2016-11-12,703.847551139685,,,,,,0.0,0.0
2016-11-13,703.626435300994,,,,,,0.0,0.0
2016-11-14,705.643584161309,114.63,84.6,116.11,25.84,121.31,0.0,0.0
2016-11-15,712.3471528346,116.22,84.63,117.12,25.88,121.91,0.0,0.0
2016-11-16,742.050117592051,116.91,84.62,116.77,25.95,123.01,0.0,0.0
2016-11-17,735.318080537697,117.76,84.61,116.17,26.1,121.2,0.0,0.0
2016-11-18,749.57872729398,117.32,84.56,115.15,26.19,120.85,0.0,0.0
2016-11-19,751.213819403858,,,,,,0.0,0.0
2016-11-20,730.350813617767,,,,,,0.0,0.0
2016-11-21,736.506983927528,118.54,84.55,115.58,26.09,121.15,0.0,0.0
2016-11-22,747.997677966102,118.9,84.53,115.54,26.13,121.11,0.0,0.0
2016-11-23,741.240317942724,118.42,84.48,113.25,26.29,120.64,0.0,0.0
2016-11-24,737.35497597896,,,,,,0.0,0.0
2016-11-25,739.685200175336,118.8,84.47,112.61,26.24,120.82,0.0,0.0
2016-11-26,734.652925891292,,,,,,0.0,0.0
2016-11-27,727.741115838691,,,,,,0.0,0.0
2016-11-28,730.082483752192,118.53,84.52,113.8,26.17,121.71,0.0,0.0
2016-11-29,731.646435710111,118.94,84.53,113.27,26.11,122.22,0.0,0.0
2016-11-30,742.20445131502,117.5,84.5,111.75,26.25,120.24,0.0,0.0
2016-12-01,753.674910111046,115.47,84.41,111.54,26.11,118.73,0.0,0.049555
2016-12-02,772.302382729398,115.7,84.5,112.14,26.05,119.6,0.0,0.0
2016-12-03,766.110468147283,,,,,,0.0,0.0
2016-12-04,766.380139099942,,,,,,0.0,0.0
2016-12-05,752.670726241964,116.6,84.5,111.54,25.88,119.47,0.0,0.0
2016-12-06,759.117325774401,116.88,84.48,111.43,25.98,119.38,0.0,0.0
2016-12-07,764.987650087668,118.36,84.51,111.83,25.9,120.4,0.0,0.0
2016-12-08,767.659224634717,118.57,84.5,111.57,26.13,118.98,0.0,0.0
2016-12-09,771.902321098773,119.5,84.49,110.4,26.24,117.5,0.0,0.0
2016-12-10,775.474561309176,,,,,,0.0,0.0
2016-12-11,770.496150496786,,,,,,0.0,0.0
2016-12-12,778.506599064874,118.96,84.46,110.82,26.09,117.72,0.0,0.0
2016-12-13,778.930694564582,120.46,84.45,110.45,26.12,118.14,0.0,0.0
2016-12-14,776.963961484512,120.21,84.29,108.83,26.37,116.82,0.0,0.0
2016-12-15,776.176781998831,120.4,84.25,107.34,26.66,117.41,0.0,0.0
2016-12-16,782.230215897136,119.6,84.29,108.05,26.57,117.14,0.35494,0.0
2016-12-17,789.60293220339,,,,,,0.0,0.0
2016-12-18,790.632966526008,,,,,,0.0,0.0
2016-12-19,790.279031677382,120.09,84.33,108.59,26.65,118.4,0.0,0.0
2016-12-20,799.777520748101,120.55,84.34,107.79,26.7,117.81,0.0,0.0
2016-12-21,828.4836792519,120.46,84.38,107.85,26.62,118.33,0.0,0.0
2016-12-22,858.50143395675,120.12,84.34,107.59,26.65,117.81,0.0,0.060534
2016-12-23,915.562438340152,120.2,84.34,107.93,26.63,118.05,0.0,0.0
2016-12-24,891.155272063121,,,,,,0.0,0.0
2016-12-25,896.003279310345,,,,,,0.0,0.0
2016-12-26,903.201246639392,,,,,,0.0,0.0
2016-12-27,925.950810461719,120.82,84.3,108.56,26.62,117.67,0.0,0.0
2016-12-28,979.960973991818,119.88,84.33,108.86,26.69,118.53,0.0,0.0
2016-12-29,973.462559438925,119.71,84.42,110.29,26.54,118.95,0.0,0.0
2016-12-30,961.182658153127,118.48,84.45,109.61,26.46,119.13,0.0,0.0
2016-12-31,968.970597019287,,,,,,0.0,0.0
2017-01-01,997.257357977791,,,,,,0.0,0.0
2017-01-02,1017.07788609001,,,,,,0.0,0.0
2017-01-03,1032.60905318527,119.54,84.38,110.47,26.7,119.64,0.0,0.0
2017-01-04,1134.49644535359,120.19,84.4,110.86,26.5,120.1,0.0,0.0
2017-01-05,1000.49812893045,120.87,84.46,112.58,26.22,121.98,0.0,0.0
2017-01-06,892.463955639977,121.93,84.39,111.75,26.41,120.86,0.0,0.0
2017-01-07,903.453283635301,,,,,,0.0,0.0
2017-01-08,912.484997077732,,,,,,0.0,0.0
2017-01-09,903.508666803039,122.33,84.46,112.67,26.34,121.83,0.0,0.0
2017-01-10,906.498947399182,122.6,84.43,113.15,26.35,121.75,0.0,0.0
2017-01-11,788.314655990649,122.93,84.47,113.5,26.29,122.16,0.0,0.0
2017-01-12,807.109833547633,122.74,84.5,113.91,26.19,121.89,0.0,0.0
2017-01-13,826.746927410871,123.16,84.46,114.21,26.16,121.31,0.0,0.0
2017-01-14,820.045157276447,,,,,,0.0,0.0
2017-01-15,824.547065166569,,,,,,0.0,0.0
2017-01-16,830.838035067212,,,,,,0.0,0.0
2017-01-17,906.026828112215,122.79,84.52,115.85,25.92,122.58,0.0,0.0
2017-01-18,881.259815371128,123.04,84.44,114.87,26.16,121.01,0.0,0.0
2017-01-19,902.263869959088,122.98,84.41,114.77,26.12,120.18,0.0,0.0
2017-01-20,895.174516189363,123.25,84.46,115.05,26.03,119.94,0.0,0.0
2017-01-21,924.46825949737,,,,,,0.0,0.0
2017-01-22,922.467077381648,,,,,,0.0,0.0
2017-01-23,919.115744126242,123.35,84.54,115.79,25.89,121.14,0.0,0.0
2017-01-24,887.743193804792,124.18,84.49,115.27,25.9,120.31,0.0,0.0
2017-01-25,895.690033255406,125.43,84.47,114.32,25.81,118.8,0.0,0.0
2017-01-26,916.6674685564,125.56,84.48,113.26,25.98,119.2,0.0,0.0
2017-01-27,920.454463471654,125.8,84.52,113.49,25.99,119.63,0.0,0.0
2017-01-28,922.774948568089,,,,,,0.0,0.0
2017-01-29,915.63202314436,,,,,,0.0,0.0
2017-01-30,920.313260783168,124.82,84.52,113.97,25.94,119.27,0.0,0.0
2017-01-31,968.499105669199,124.57,84.54,115.55,25.73,120.1,0.0,0.0
2017-02-01,987.532590414962,125.43,84.46,115.2,25.75,119.1,0.0,0.050988
2017-02-02,1007.7043659848,125.32,84.49,115.84,25.79,119.05,0.0,0.0
2017-02-03,1015.30203945061,125.68,84.46,116.13,25.78,119.0,0.0,0.0
2017-02-04,1033.78597299825,,,,,,0.0,0.0
2017-02-05,1014.56787574518,,,,,,0.0,0.0
2017-02-06,1023.3174811806,125.83,84.55,117.7,25.8,119.72,0.0,0.0
2017-02-07,1053.62445902981,126.29,84.53,117.46,25.93,120.6,0.0,0.0
2017-02-08,1052.36764535359,126.5,84.61,118.19,25.9,122.24,0.0,0.0
2017-02-09,982.751939450614,126.96,84.54,117.29,26.0,120.83,0.0,0.0
2017-02-10,996.650153126827,127.38,84.53,117.6,26.03,120.76,0.0,0.0
2017-02-11,1011.37532220923,,,,,,0.0,0.0
2017-02-12,1006.29646487434,,,,,,0.0,0.0
2017-02-13,999.953184979545,128.1,84.51,116.8,26.09,120.38,0.0,0.0
2017-02-14,1012.2134635301,128.53,84.45,116.93,26.15,119.51,0.0,0.0
2017-02-15,1013.90384050263,129.29,84.42,117.45,26.1,118.96,0.0,0.0
2017-02-16,1036.80686475745,129.25,84.46,118.08,25.95,119.61,0.0,0.0
2017-02-17,1058.66992033898,129.81,84.52,117.68,26.08,120.32,0.0,0.0
2017-02-18,1060.66880488019,,,,,,0.0,0.0
2017-02-19,1058.78640035067,,,,,,0.0,0.0
2017-02-20,1088.68842922268,,,,,,0.0,0.0
2017-02-21,1128.85529316189,130.45,84.53,117.75,26.2,120.11,0.0,0.0
2017-02-22,1129.70179064874,130.5,84.55,117.91,26.14,120.31,0.0,0.0
2017-02-23,1188.86178550555,130.01,84.59,118.94,26.08,120.67,0.0,0.0
2017-02-24,1185.48889158387,130.26,84.63,119.7,26.13,122.01,0.0,0.0
2017-02-25,1151.60473687902,,,,,,0.0,0.0
2017-02-26,1181.71086586791,,,,,,0.0,0.0
2017-02-27,1194.15245014611,130.42,84.56,119.12,26.13,121.29,0.0,0.0
2017-02-28,1188.39994073641,130.02,84.52,119.23,26.11,121.74,0.0,0.0
2017-03-01,1228.45965061368,131.44,84.4,119.06,26.29,119.47,0.0,0.053507
2017-03-02,1262.93146738749,130.78,84.31,117.58,26.4,119.04,0.0,0.0
2017-03-03,1289.36319111631,131.02,84.33,117.51,26.17,119.35,0.0,0.0
2017-03-04,1268.94066440678,,,,,,0.0,0.0
2017-03-05,1276.27368293396,,,,,,0.0,0.0
2017-03-06,1282.25465663355,130.73,84.35,116.72,26.26,118.78,0.0,0.0
2017-03-07,1234.47646206897,130.51,84.32,115.78,26.29,118.42,0.0,0.0
2017-03-08,1152.13938924606,130.74,84.25,115.06,26.38,117.78,0.0,0.0
2017-03-09,1193.45552659264,130.84,84.24,114.47,26.33,116.84,0.0,0.0
2017-03-10,1098.53014903565,131.39,84.29,114.72,26.15,117.25,0.0,0.0
2017-03-11,1176.822921391,,,,,,0.0,0.0
2017-03-12,1231.74835663355,,,,,,0.0,0.0
2017-03-13,1239.39629631794,131.61,84.25,114.74,26.19,116.51,0.0,0.0
2017-03-14,1246.53656487434,131.29,84.24,114.12,26.28,117.07,0.0,0.0
2017-03-15,1258.65138147282,132.1,84.4,116.25,25.97,118.5,0.0,0.0
2017-03-16,1178.02075037989,132.01,84.34,116.73,25.88,117.9,0.0,0.0
2017-03-17,1072.08253816482,131.69,84.38,116.99,25.89,118.64,0.27415,0.0
2017-03-18,962.569056165985,,,,,,0.0,0.0
2017-03-19,1020.22025353594,,,,,,0.0,0.0
2017-03-20,1037.7563458796,131.81,84.4259,117.5645,25.8976,119.15,0.0,0.0
2017-03-21,1111.81826358854,129.81,84.47,118.54,25.74,120.14,0.0,0.0
2017-03-22,1037.30257013442,130.69,84.49,118.83,25.72,120.62,0.0,0.0
2017-03-23,1028.17285628288,130.36,84.49,118.67,25.75,120.45,0.0,0.0
2017-03-24,935.063496201052,130.63,84.49,118.86,25.74,120.88,0.0,0.0
2017-03-25,968.543329281122,,,,,,0.0,0.0
2017-03-26,962.95805458796,,,,,,0.0,0.0
2017-03-27,1042.91919777908,130.84,84.52,119.53,25.6,121.43,0.0,0.0
2017-03-28,1045.16293161894,131.64,84.48,119.04,25.74,120.62,0.0,0.0
2017-03-29,1039.68861578025,132.25,84.53,119.33,25.79,121.34,0.0,0.0
2017-03-30,1037.98766142607,132.47,84.51,118.47,25.96,120.36,0.0,0.0
2017-03-31,1081.74353109293,132.38,84.52,118.72,25.95,120.71,0.0,0.0
2017-04-01,1089.52477182934,,,,,,0.0,0.0
2017-04-02,1105.56295575687,,,,,,0.0,0.0
2017-04-03,1144.6647710111,132.3,84.54,119.35,25.95,121.67,0.0,0.058486
2017-04-04,1141.92191870251,132.51,84.51,119.62,25.98,121.01,0.0,0.0
2017-04-05,1135.81164377557,131.97,84.51,119.62,25.97,121.38,0.0,0.0
2017-04-06,1194.59645938048,132.04,84.53,119.18,26.03,121.2,0.0,0.0
2017-04-07,1191.73145108124,131.97,84.42,119.46,26.15,120.71,0.0,0.0
2017-04-08,1184.41772033898,,,,,,0.0,0.0
2017-04-09,1213.63413980129,,,,,,0.0,0.0
2017-04-10,1211.64987621274,132.02,84.46,119.46,26.1,121.27,0.0,0.0
2017-04-11,1229.78493290473,131.45,84.54,121.19,26.02,122.42,0.0,0.0
2017-04-12,1216.11436785506,130.92,84.6,122.02,25.89,123.09,0.0,0.0
2017-04-13,1172.5583396844,130.4,84.64,122.6,25.98,123.47,0.0,0.0
2017-04-14,1174.33323354763,,,,,,0.0,0.0
2017-04-15,1175.56218901227,,,,,,0.0,0.0
2017-04-16,1173.6913798948,,,,,,0.0,0.0
2017-04-17,1191.90120146113,131.48,84.63,122.24,25.91,123.09,0.0,0.0
2017-04-18,1202.13145803624,131.28,84.7,122.82,25.69,124.7,0.0,0.0
2017-04-19,1209.56090888369,131.49,84.66,121.73,25.78,124.02,0.0,0.0
2017-04-20,1235.80307451783,132.59,84.65,121.96,25.79,123.54,0.0,0.0
2017-04-21,1247.33607025132,132.56,84.69,122.31,25.81,123.54,0.0,0.0
2017-04-22,1243.55039257744,,,,,,0.0,0.0
2017-04-23,1250.00148322618,,,,,,0.0,0.0
2017-04-24,1257.23944225599,134.16,84.6,121.48,25.57,122.93,0.0,0.0
2017-04-25,1279.86471741672,135.13,84.52,120.25,25.5,121.45,0.0,0.0
2017-04-26,1296.48545745178,134.94,84.55,120.84,25.56,122.12,0.0,0.0
2017-04-27,1345.8899556692,135.75,84.58,120.39,25.6,122.08,0.0,0.0
2017-04-28,1347.98515552309,135.99,84.62,120.77,25.57,122.35,0.0,0.0
2017-04-29,1357.71525341905,,,,,,0.0,0.0
2017-04-30,1381.9563722969,,,,,,0.0,0.0
2017-05-01,1436.9414880187,137.2,84.5,119.67,25.59,121.08,0.0,0.061868
2017-05-02,1463.81906846873,137.43,84.53,119.65,25.55,121.7,0.0,0.0
2017-05-03,1519.40894447691,136.99,84.47,117.98,25.65,121.78,0.0,0.0
2017-05-04,1539.8300515488,137.04,84.46,116.79,25.49,121.18,0.0,0.0
2017-05-05,1529.85044301578,137.54,84.49,117.01,25.45,121.29,0.0,0.0
2017-05-06,1573.28550961426,,,,,,0.0,0.0
2017-05-07,1526.26777171245,,,,,,0.0,0.0
2017-05-08,1685.08649631794,137.84,84.45,116.75,25.59,120.63,0.0,0.0
2017-05-09,1719.22801355932,138.32,84.41,116.05,25.72,120.62,0.0,0.0
2017-05-10,1782.499,138.4,84.43,116.04,25.73,120.48,0.0,0.0
2017-05-11,1835.48754821742,138.29,84.44,116.5,25.74,120.48,0.0,0.0
2017-05-12,1704.66164108708,138.6,84.54,116.83,25.61,121.39,0.0,0.0
2017-05-13,1779.84025669199,,,,,,0.0,0.0
2017-05-14,1794.59355055523,,,,,,0.0,0.0
2017-05-15,1736.88284611338,139.04,84.53,117.14,25.54,121.06,0.0,0.0
2017-05-16,1757.02694856809,139.62,84.53,117.65,25.35,121.51,0.0,0.0
2017-05-17,1808.74606469901,136.07,84.62,119.79,25.18,123.28,0.0,0.0
2017-05-18,1894.24726455289,137.26,84.58,118.81,25.27,123.42,0.0,0.0
2017-05-19,1967.54554769141,137.84,84.6,119.4,25.09,123.71,0.0,0.0
2017-05-20,2048.11767799532,,,,,,0.0,0.0
2017-05-21,2045.22249316189,,,,,,0.0,0.0
2017-05-22,2078.94350002922,139.0,84.57,119.9,25.05,123.37,0.0,0.0
2017-05-23,2257.28836382233,139.14,84.54,119.14,25.16,122.54,0.0,0.0
2017-05-24,2415.00722665108,139.78,84.59,119.61,25.08,123.23,0.0,0.0
2017-05-25,2319.60137866745,140.97,84.59,119.48,25.11,123.27,0.0,0.0
2017-05-26,2279.4185836353,141.22,84.58,120.54,25.17,123.48,0.0,0.0
2017-05-27,2044.30049982466,,,,,,0.0,0.0
2017-05-28,2225.7008666277,,,,,,0.0,0.0
2017-05-29,2284.71579748685,,,,,,0.0,0.0
2017-05-30,2167.26447790766,141.34,84.61,120.14,25.14,124.09,0.0,0.0
2017-05-31,2299.43261025716,141.29,84.62,120.62,25.08,124.4,0.0,0.0
2017-06-01,2399.88763194039,141.84,84.54,120.72,25.11,124.15,0.0,0.063585
2017-06-02,2479.4238943308,143.46,84.6,121.61,24.99,125.62,0.0,0.0
2017-06-03,2549.55195151958,,,,,,0.0,0.0
2017-06-04,2524.99383354763,,,,,,0.0,0.0
2017-06-05,2685.31891671537,143.43,84.53,121.73,25.01,124.84,0.0,0.0
2017-06-06,2871.34167735243,142.86,84.56,123.1,24.95,125.52,0.0,0.0
2017-06-07,2706.76000885447,143.42,84.53,122.45,24.98,124.92,0.0,0.0
2017-06-08,2802.56354681473,143.57,84.51,121.65,25.07,124.59,0.0,0.0
2017-06-09,2804.87226691993,139.98,84.48,120.54,25.15,124.4,0.0,0.0
2017-06-10,2916.3278597896,,,,,,0.0,0.0
2017-06-11,2974.21455920514,,,,,,0.0,0.0
2017-06-12,2665.43326995909,139.23,84.47,120.36,25.11,124.36,0.0,0.0
2017-06-13,2707.13782402104,140.36,84.47,120.48,25.08,124.38,0.0,0.0
2017-06-14,2443.82445137347,139.75,84.51,119.82,25.06,126.3,0.0,0.0
2017-06-15,2409.886764173,139.13,84.48,119.32,25.21,126.1,0.0,0.0
2017-06-16,2476.35909538282,138.15,84.52,119.34,25.12,126.35,0.37842,0.0
2017-06-17,2652.75536335476,,,,,,0.0,0.0
2017-06-18,2508.21420742256,,,,,,0.0,0.0
2017-06-19,2589.64221338399,140.46,84.47,118.43,25.23,126.17,0.0,0.0
2017-06-20,2733.22655628288,139.36,84.48,118.18,25.27,127.3,0.0,0.0
2017-06-21,2639.26131420222,140.74,84.49,118.52,25.22,127.56,0.0,0.0
2017-06-22,2686.64751431911,140.7,84.5,118.92,25.23,127.84,0.0,0.0
2017-06-23,2685.87047101111,141.24,84.55,119.43,25.15,127.78,0.0,0.0
2017-06-24,2562.18914874342,,,,,,0.0,0.0
2017-06-25,2497.72894137931,,,,,,0.0,0.0
2017-06-26,2426.36505119813,140.58,84.55,118.36,25.19,128.26,0.0,0.0
2017-06-27,2530.34553600234,138.03,84.5,118.81,24.91,126.89,0.0,0.0
2017-06-28,2562.79226420222,140.02,84.54,118.9,24.83,126.47,0.0,0.0
2017-06-29,2540.44303161894,137.59,84.49,118.32,24.71,125.41,0.0,0.0
2017-06-30,2452.71206428989,137.64,84.49,118.02,24.75,125.12,0.0,0.0
2017-07-01,2412.3662131502,,,,,,0.0,0.0
2017-07-02,2518.8721873758,,,,,,0.0,0.0
2017-07-03,2551.92743173583,136.19,84.36,116.09,24.9,124.46,0.0,0.066944
2017-07-04,2599.74474991233,,,,,,0.0,0.0
2017-07-05,2608.10489117475,137.53,84.39,116.52,24.91,124.49,0.0,0.0
2017-07-06,2603.19547369959,136.29,84.41,116.47,24.8,123.46,0.0,0.0
2017-07-07,2495.78092220923,137.76,84.4,115.28,24.84,122.72,0.0,0.0
2017-07-08,2553.4941581239,,,,,,0.0,0.0
2017-07-09,2506.17321355932,,,,,,0.0,0.0
2017-07-10,2319.36689736996,138.66,84.44,115.47,24.85,122.9,0.0,0.0
2017-07-11,2319.16744061952,139.05,84.47,115.62,24.76,123.11,0.0,0.0
2017-07-12,2374.88626645237,140.7,84.51,116.03,24.76,123.96,0.0,0.0
2017-07-13,2343.73834824664,141.01,84.47,115.82,24.77,123.18,0.0,0.0
2017-07-14,2214.82523728814,142.12,84.51,116.77,24.62,123.33,0.0,0.0
2017-07-15,1989.63319023963,,,,,,0.0,0.0
2017-07-16,1910.74954161309,,,,,,0.0,0.0
2017-07-17,2215.74629614261,142.19,84.52,117.29,24.62,123.67,0.0,0.0
2017-07-18,2303.7611458796,143.14,84.54,118.11,24.49,124.75,0.0,0.0
2017-07-19,2257.06523588545,143.98,84.54,118.08,24.55,124.8,0.0,0.0
2017-07-20,2823.89792635885,144.17,84.54,118.24,24.4,125.16,0.0,0.0
2017-07-21,2666.1397182934,144.11,84.58,119.26,24.32,125.69,0.0,0.0
2017-07-22,2829.75405496786,,,,,,0.0,0.0
2017-07-23,2753.24386493279,,,,,,0.0,0.0
2017-07-24,2755.1595242256,144.77,84.55,119.31,24.33,125.2,0.0,0.0
2017-07-25,2558.69299894798,144.4,84.5,118.92,24.37,123.57,0.0,0.0
2017-07-26,2522.32464628872,144.87,84.56,119.88,24.23,123.77,0.0,0.0
2017-07-27,2665.14754649328,143.96,84.54,119.79,24.32,123.16,0.0,0.0
2017-07-28,2793.83348486265,143.84,84.59,120.69,24.17,123.89,0.0,0.0
2017-07-29,2706.4507654588,,,,,,0.0,0.0
2017-07-30,2749.3845277031,,,,,,0.0,0.0
2017-07-31,2862.61129088252,143.23,84.58,120.75,24.07,124.04,0.0,0.0
2017-08-01,2727.38918199883,143.56,84.54,120.65,24.11,124.64,0.0,0.070877
2017-08-02,2690.14567197545,143.95,84.5,120.4,24.08,124.71,0.0,0.0
2017-08-03,2789.74631244886,143.39,84.53,120.59,24.02,126.0,0.0,0.0
2017-08-04,2860.27284324956,143.65,84.5,119.65,24.23,124.93,0.0,0.0
2017-08-05,3237.42336329632,,,,,,0.0,0.0
2017-08-06,3230.11670894214,,,,,,0.0,0.0
2017-08-07,3392.56241864407,144.56,84.53,119.51,24.22,125.07,0.0,0.0
2017-08-08,3425.67661659848,144.31,84.53,119.86,24.26,124.62,0.0,0.0
2017-08-09,3347.21543161894,144.12,84.52,121.31,24.24,125.3,0.0,0.0
2017-08-10,3437.03215546464,141.03,84.55,122.21,24.2,126.37,0.0,0.0
2017-08-11,3660.52053728813,142.1,84.66,122.79,24.11,126.43,0.0,0.0
2017-08-12,3871.08240619521,,,,,,0.0,0.0
2017-08-13,4063.80105271771,,,,,,0.0,0.0
2017-08-14,4304.60393120982,143.93,84.59,121.92,24.21,125.78,0.0,0.0
2017-08-15,4160.0305458796,144.03,84.55,120.98,24.32,125.25,0.0,0.0
2017-08-16,4364.67857463472,144.28,84.6,121.87,24.24,125.71,0.0,0.0
2017-08-17,4308.51686142607,141.33,84.62,122.49,24.29,126.65,0.0,0.0
2017-08-18,4108.50716218586,141.23,84.61,122.3,24.21,126.62,0.0,0.0
2017-08-19,4160.33245686733,,,,,,0.0,0.0
2017-08-20,4085.8103943308,,,,,,0.0,0.0
2017-08-21,3992.62603524255,141.05,84.63,122.76,24.14,126.93,0.0,0.0
2017-08-22,4074.33046125073,143.2,84.62,122.21,24.24,126.44,0.0,0.0
2017-08-23,4146.9153452367,142.69,84.7,122.67,24.14,127.3,0.0,0.0
2017-08-24,4325.81642799532,142.27,84.62,122.29,24.19,126.83,0.0,0.0
2017-08-25,4353.13177255991,141.97,84.65,122.74,23.99,127.32,0.0,0.0
2017-08-26,4341.97871677382,,,,,,0.0,0.0
2017-08-27,4344.90344476914,,,,,,0.0,0.0
2017-08-28,4379.76392068966,142.41,84.62,124.69,23.92,127.24,0.0,0.0
2017-08-29,4600.45683097604,142.97,84.66,124.42,23.95,127.65,0.0,0.0
2017-08-30,4586.63273670368,144.65,84.68,124.36,24.1,127.61,0.0,0.0
2017-08-31,4740.35621770894,146.2,84.68,125.82,24.03,127.99,0.0,0.0
2017-09-01,4918.16624488603,146.0,84.59,126.06,24.08,126.75,0.0,0.072044
2017-09-02,4595.02001782583,,,,,,0.0,0.0
2017-09-03,4625.296314436,,,,,,0.0,0.0
2017-09-04,4374.75349649328,,,,,,0.0,0.0
2017-09-05,4454.05253769725,144.69,84.67,127.46,23.95,128.76,0.0,0.0
2017-09-06,4607.51652980713,145.13,84.66,126.81,23.93,127.97,0.0,0.0
2017-09-07,4635.11187580362,145.47,84.71,128.13,23.76,129.28,0.0,0.0
2017-09-08,4345.45765634132,144.21,84.69,127.97,23.7,129.0,0.0,0.0
2017-09-09,4335.593449737,,,,,,0.0,0.0
2017-09-10,4261.84352104033,,,,,,0.0,0.0
2017-09-11,4212.54757334892,145.87,84.61,126.19,23.86,127.46,0.0,0.0
2017-09-12,4164.31943424898,146.22,84.57,126.56,23.85,126.79,0.0,0.0
2017-09-13,3887.11858679135,146.42,84.55,125.61,23.99,126.29,0.0,0.0
2017-09-14,3247.4687390415,145.56,84.56,126.16,23.92,126.81,0.0,0.0
2017-09-15,3699.22294389246,146.06,84.55,125.53,23.84,126.86,0.0,0.0
2017-09-16,3711.23435067212,,,,,,0.0,0.0
2017-09-17,3711.85620397428,,,,,,0.0,0.0
2017-09-18,4080.42844301578,145.55,84.5,124.36,23.9,126.13,0.31938,0.0
2017-09-19,3925.73619023963,145.8,84.51,124.62,23.83,125.82,0.0,0.0
2017-09-20,3895.777078609,145.35,84.44,123.62,24.02,125.91,0.0,0.0
2017-09-21,3617.24346580947,144.46,84.42,122.68,23.95,125.84,0.0,0.0
2017-09-22,3619.2137182934,144.32,84.44,123.24,23.93,126.2,0.0,0.0
2017-09-23,3775.60059409702,,,,,,0.0,0.0
2017-09-24,3676.89694418469,,,,,,0.0,0.0
2017-09-25,3918.73807130333,142.8,84.49,124.53,24.07,126.99,0.0,0.0
2017-09-26,3890.09093687902,143.17,84.47,123.14,24.15,126.76,0.0,0.0
2017-09-27,4207.78748538866,144.46,84.46,121.98,24.27,124.85,0.0,0.0
2017-09-28,4187.76979631794,144.41,84.47,122.21,24.2,124.48,0.0,0.0
2017-09-29,4155.01011981298,145.45,84.45,121.58,24.18,124.76,0.0,0.0
2017-09-30,4334.54461250731,,,,,,0.0,0.0
2017-10-01,4382.08689801286,,,,,,0.0,0.0
2017-10-02,4386.8757150789,145.58,84.44,120.77,24.32,124.28,0.0,0.072561
2017-10-03,4306.56464202221,145.89,84.39,120.83,24.31,124.4,0.0,0.0
2017-10-04,4216.68482144944,146.03,84.55,121.17,24.28,124.41,0.0,0.0
2017-10-05,4319.42091583869,147.46,84.37,120.52,24.41,123.94,0.0,0.0
2017-10-06,4365.91571040327,147.66,84.34,121.09,24.37,123.59,0.0,0.0
2017-10-07,4438.85593308007,,,,,,0.0,0.0
2017-10-08,4600.73979661017,,,,,,0.0,0.0
2017-10-09,4777.53465692577,147.49,84.34,122.08,24.33,123.98,0.0,0.0
2017-10-10,4741.07791496201,147.6,84.36,122.4,24.2,124.18,0.0,0.0
2017-10-11,4814.96711805962,148.04,84.35,122.79,24.13,124.42,0.0,0.0
2017-10-12,5393.66898275862,147.77,84.34,122.89,24.18,124.95,0.0,0.0
2017-10-13,5614.07751461134,148.34,84.39,123.82,24.18,125.85,0.0,0.0
2017-10-14,5785.73831502046,,,,,,0.0,0.0
2017-10-15,5689.86505961426,,,,,,0.0,0.0
2017-10-16,5756.14881180596,148.85,84.31,122.97,24.24,125.76,0.0,0.0
2017-10-17,5590.41632437171,149.04,84.32,122.13,24.3,125.92,0.0,0.0
2017-10-18,5583.8704257744,148.86,84.29,121.67,24.27,125.09,0.0,0.0
2017-10-19,5708.31299094097,148.31,84.34,122.39,24.21,125.31,0.0,0.0
2017-10-20,6000.88313033314,148.71,84.29,121.61,24.35,123.98,0.0,0.0
2017-10-21,6030.20789275278,,,,,,0.0,0.0
2017-10-22,5996.59813880772,,,,,,0.0,0.0
2017-10-23,5888.25001665693,147.74,84.29,121.8,24.38,124.2,0.0,0.0
2017-10-24,5517.77535330216,147.99,84.27,121.33,24.42,123.43,0.0,0.0
2017-10-25,5736.01780157802,147.43,84.25,121.35,24.36,122.84,0.0,0.0
2017-10-26,5900.31772910579,146.96,84.25,120.33,24.62,122.43,0.0,0.0
2017-10-27,5771.94504617183,151.24,84.31,120.9,24.68,123.24,0.0,0.0
2017-10-28,5762.38857685564,,,,,,0.0,0.0
2017-10-29,6174.72884482758,,,,,,0.0,0.0
2017-10-30,6119.25638398597,151.58,84.35,121.13,24.56,124.42,0.0,0.0
2017-10-31,6428.51463705435,152.15,84.3,120.67,24.58,124.46,0.0,0.0
2017-11-01,6726.41183459965,152.1,84.21,121.11,24.63,124.75,0.0,0.078435
2017-11-02,7043.77793892461,151.81,84.23,121.19,24.63,125.3,0.0,0.0
2017-11-03,7198.63211075394,153.27,84.18,120.62,24.69,125.64,0.0,0.0
2017-11-04,7420.498078609,,,,,,0.0,0.0
2017-11-05,7371.13902980713,,,,,,0.0,0.0
2017-11-06,6985.26384395091,153.79,84.23,121.65,24.63,126.11,0.0,0.0
2017-11-07,7118.20254383402,153.88,84.19,121.21,24.67,126.64,0.0,0.0
2017-11-08,7451.21278667446,154.5,84.18,121.63,24.66,126.36,0.0,0.0
2017-11-09,7117.73804967855,153.69,84.17,122.13,24.56,126.0,0.0,0.0
2017-11-10,6620.56733635301,153.68,84.14,121.13,24.54,124.1,0.0,0.0
2017-11-11,6346.72144915254,,,,,,0.0,0.0
2017-11-12,5829.09782758621,,,,,,0.0,0.0
2017-11-13,6519.44517212157,153.87,84.13,121.31,24.56,124.36,0.0,0.0
2017-11-14,6592.37439713618,153.31,84.15,121.56,24.39,125.2,0.0,0.0
2017-11-15,7257.37321215664,152.59,84.12,121.41,24.38,126.56,0.0,0.0
2017-11-16,7833.7044333723,154.54,84.13,121.4,24.41,125.46,0.0,0.0
2017-11-17,7729.03327001753,153.95,84.08,122.86,24.34,126.39,0.0,0.0
2017-11-18,7796.15424108708,,,,,,0.0,0.0
2017-11-19,8018.32068848626,,,,,,0.0,0.0
2017-11-20,8269.87425745178,153.83,84.05,121.31,24.46,126.34,0.0,0.0
2017-11-21,8091.99808357686,155.5,84.03,121.51,24.43,126.74,0.0,0.0
2017-11-22,8249.59733021625,155.69,84.1,122.63,24.24,127.15,0.0,0.0
2017-11-23,8071.66982144945,,,,,,0.0,0.0
2017-11-24,8232.42233313851,156.26,84.1,122.32,24.13,126.8,0.0,0.0
2017-11-25,8760.1654421391,,,,,,0.0,0.0
2017-11-26,9319.90331472823,,,,,,0.0,0.0
2017-11-27,9730.72857948568,156.19,84.1,122.83,24.16,126.62,0.0,0.0
2017-11-28,9932.19418001169,156.59,84.11,122.81,24.26,126.79,0.0,0.0
2017-11-29,9800.02755172414,153.86,84.085,122.04,24.25,125.54,0.0,0.0
2017-11-30,9996.71497194623,155.15,84.04,121.1,24.19,125.12,0.0,0.0
2017-12-01,10808.9583325541,154.49,83.98,121.59,24.17,126.55,0.0,0.078527
2017-12-02,10934.8599856809,,,,,,0.0,0.0
2017-12-03,11213.9426554646,,,,,,0.0,0.0
2017-12-04,11562.1285669199,152.71,83.93,121.18,24.25,126.61,0.0,0.0
2017-12-05,11736.7540672122,152.81,83.92,120.32,24.29,127.24,0.0,0.0
2017-12-06,13992.1323372297,153.5,83.96,120.07,24.35,127.68,0.0,0.0
2017-12-07,17032.2933763881,154.02,83.97,118.49,24.4,126.68,0.0,0.0
2017-12-08,16298.4873386908,154.7,83.97,118.48,24.44,126.69,0.0,0.0
2017-12-09,15050.0219541204,,,,,,0.0,0.0
2017-12-10,15474.9995432496,,,,,,0.0,0.0
2017-12-11,16873.4977849211,155.9,83.93,118.01,24.44,126.43,0.0,0.0
2017-12-12,17433.9307381648,155.69,83.93,118.15,24.48,126.38,0.0,0.0
2017-12-13,16515.15257218,155.99,84.02,119.17,24.31,127.33,0.0,0.0
2017-12-14,16602.8928033314,155.88,83.99,118.93,24.33,127.87,0.0,0.0
2017-12-15,17702.0021721216,157.65,83.95,119.18,24.43,128.35,0.0,0.0
2017-12-16,19640.5138834015,,,,,,0.0,0.0
2017-12-17,19250.467650789,,,,,,0.0,0.0
2017-12-18,18982.0250242548,158.64,83.95,119.73,24.37,127.18,0.32941,0.0
2017-12-19,17653.3260894214,157.7,83.91,119.82,24.3,125.53,0.0,0.0
2017-12-20,16453.6272603741,157.53,83.92,120.14,24.27,124.14,0.0,0.0
2017-12-21,15633.8336504968,157.55,83.82,120.31,24.26,124.6,0.0,0.094086
2017-12-22,14305.7183436587,157.37,83.79,120.94,24.27,124.77,0.0,0.0
2017-12-23,14910.8581049094,,,,,,0.0,0.0
2017-12-24,14026.3468661601,,,,,,0.0,0.0
2017-12-25,14080.9422600818,,,,,,0.0,0.0
2017-12-26,15727.1454792519,156.52,83.78,121.77,24.25,125.14,0.0,0.0
2017-12-27,15389.0005739334,156.54,83.82,122.23,24.2,126.77,0.0,0.0
2017-12-28,14289.4522095266,156.73,83.83,122.85,24.13,126.66,0.0,0.0
2017-12-29,14571.7460821157,155.76,83.85,123.65,24.03,126.86,0.0,0.0
2017-12-30,12948.7158828171,,,,,,0.0,0.0
2017-12-31,13921.4806414378,,,,,,0.0,0.0
2018-01-01,13464.6536116306,,,,,,0.0,0.0
2018-01-02,14754.322204851,158.49,83.82,125.15,23.93,125.49,0.0,0.0
2018-01-03,15010.2861595558,160.03,83.82,124.82,24.02,126.09,0.0,0.0
2018-01-04,15070.3007986558,160.31,83.78,125.46,23.94,126.07,0.0,0.0
2018-01-05,16997.2274079486,161.92,83.78,125.33,23.96,125.71,0.0,0.0
2018-01-06,17103.589279661,,,,,,0.0,0.0
2018-01-07,16231.6949994155,,,,,,0.0,0.0
2018-01-08,14937.4150894214,162.55,83.78,125.31,24.07,125.63,0.0,0.0
2018-01-09,14378.5862174167,162.56,83.75,124.73,24.12,123.95,0.0,0.0
2018-01-10,14669.0882656341,162.18,83.78,125.03,24.06,123.8,0.0,0.0
2018-01-11,13186.7549427236,163.29,83.75,125.44,23.96,124.31,0.0,0.0
2018-01-12,13789.4436639392,164.49,83.74,126.96,23.71,124.52,0.0,0.0
2018-01-13,14231.2250645821,,,,,,0.0,0.0
2018-01-14,13681.0654611338,,,,,,0.0,0.0
2018-01-15,13591.6961966686,,,,,,0.0,0.0
2018-01-16,11431.0401052016,164.02,83.73,127.17,23.58,125.04,0.0,0.0
2018-01-17,11159.6085905903,165.79,83.7,126.14,23.64,124.87,0.0,0.0
2018-01-18,11246.0397302747,165.82,83.68,125.86,23.61,123.71,0.0,0.0
2018-01-19,11440.2555616598,166.34,83.71,126.42,23.65,123.06,0.0,0.0
2018-01-20,12768.4045856224,,,,,,0.0,0.0
2018-01-21,11422.3942589129,,,,,,0.0,0.0
2018-01-22,10737.3505774401,168.12,83.67,126.65,23.57,123.18,0.0,0.0
2018-01-23,10849.3918793103,169.51,83.72,127.28,23.51,123.71,0.0,0.0
2018-01-24,11225.8961747516,168.41,83.7,128.83,23.28,123.04,0.0,0.0
2018-01-25,11130.4649473992,168.35,83.68,127.97,23.31,124.05,0.0,0.0
2018-01-26,11035.5546098773,170.93,83.63,128.07,23.26,123.59,0.0,0.0
2018-01-27,11320.9701852718,,,,,,0.0,0.0
2018-01-28,11615.95871128,,,,,,0.0,0.0
2018-01-29,11132.5543138515,170.1,83.6,127.35,23.32,122.73,0.0,0.0
2018-01-30,9959.54671537113,168.7,83.61,126.8,23.28,122.01,0.0,0.0
2018-01-31,10050.0957971946,169.4,83.61,127.65,23.25,122.73,0.0,0.0
2018-02-01,9039.86507510228,167.96,83.49,128.07,23.13,120.7,0.0,0.086192
2018-02-02,8786.0773798948,164.61,83.5,126.39,23.27,119.58,0.0,0.0
2018-02-03,9132.10032232613,,,,,,0.0,0.0
2018-02-04,8250.52689596727,,,,,,0.0,0.0
2018-02-05,6849.54255932203,158.12,83.65,126.71,23.37,120.71,0.0,0.0
2018-02-06,7738.64395967271,162.31,83.59,125.38,23.42,119.96,0.0,0.0
2018-02-07,7624.59538953828,160.21,83.53,124.79,23.6,118.82,0.0,0.0
2018-02-08,8218.58085184103,153.45,83.54,124.98,23.6,118.69,0.0,0.0
2018-02-09,8660.45346785505,156.1,83.61,124.77,23.62,117.94,0.0,0.0
2018-02-10,8530.29280479252,,,,,,0.0,0.0
2018-02-11,8096.72848129749,,,,,,0.0,0.0
2018-02-12,8907.67017913501,158.87,83.57,125.37,23.54,118.46,0.0,0.0
2018-02-13,8523.96693191116,159.69,83.57,126.08,23.41,118.99,0.0,0.0
2018-02-14,9467.3010327294,162.68,83.45,128.23,23.23,117.67,0.0,0.0
2018-02-15,10106.7330835769,165.7,83.42,128.38,23.13,118.07,0.0,0.0
2018-02-16,10189.3164833431,164.96,83.44,127.96,23.29,118.71,0.0,0.0
2018-02-17,11085.5984143776,,,,,,0.0,0.0
2018-02-18,10452.0919772063,,,,,,0.0,0.0
2018-02-19,11139.3557305669,,,,,,0.0,0.0
2018-02-20,11245.9323179427,165.29,83.43,126.24,23.44,118.19,0.0,0.0
2018-02-21,10458.8650888369,164.82,83.44,125.66,23.53,116.74,0.0,0.0
2018-02-22,9878.15894272355,164.8,83.45,126.3,23.45,117.09,0.0,0.0
2018-02-23,10159.0656125073,168.17,83.47,126.14,23.5,118.13,0.0,0.0
2018-02-24,9686.60177995325,,,,,,0.0,0.0
2018-02-25,9603.22747749854,,,,,,0.0,0.0
2018-02-26,10312.3657130333,170.4,83.48,126.45,23.47,118.17,0.0,0.0
2018-02-27,10654.1072948568,168.29,83.42,125.13,23.62,118.0,0.0,0.0
2018-02-28,10307.0249663939,167.21,83.44,125.0,23.69,118.75,0.0,0.0
2018-03-01,10923.6308617767,164.48,83.47,124.72,23.61,119.32,0.0,0.086349
2018-03-02,11014.0584672706,165.99,83.43,125.39,23.51,118.35,0.0,0.0
2018-03-03,11425.6805654588,,,,,,0.0,0.0
2018-03-04,11462.5831975453,,,,,,0.0,0.0
2018-03-05,11540.6623205728,167.83,83.425,125.18,23.51,118.03,0.0,0.0
2018-03-06,10677.0352308591,168.54,83.41,126.53,23.45,118.14,0.0,0.0
2018-03-07,9903.0850490941,168.93,83.41,125.72,23.43,118.01,0.0,0.0
2018-03-08,9330.47545295149,169.86,83.43,125.42,23.58,118.69,0.0,0.0
2018-03-09,9278.13918439509,173.16,83.39,125.54,23.55,117.91,0.0,0.0
2018-03-10,8786.56042314436,,,,,,0.0,0.0
2018-03-11,9513.53539976622,,,,,,0.0,0.0
2018-03-12,9147.89018059615,174.08,83.43,125.54,23.52,118.59,0.0,0.0
2018-03-13,9160.54293278784,171.71,83.45,125.78,23.46,119.19,0.0,0.0
2018-03-14,8222.12723904149,171.68,83.44,125.7,23.47,120.24,0.0,0.0
2018-03-15,8268.58912244302,171.53,83.45,124.9,23.56,120.24,0.0,0.0
2018-03-16,8376.90449824664,171.02,83.41,124.6,23.62,119.81,0.0,0.0
2018-03-17,7881.66192051432,,,,,,0.0,0.0
2018-03-18,8189.01671917008,,,,,,0.0,0.0
2018-03-19,8537.0156233197,167.1,83.41,124.87,23.52,119.43,0.27655,0.0
2018-03-20,8895.54717913501,167.65,83.38,124.31,23.66,118.95,0.0,0.0
2018-03-21,8879.5942565751,166.92,83.44,126.48,23.47,119.08,0.0,0.0
2018-03-22,8710.66493512566,162.8,83.48,125.98,23.5,120.26,0.0,0.0
2018-03-23,8771.74632349503,158.51,83.5,127.61,23.42,120.17,0.0,0.0
2018-03-24,8610.9885163647,,,,,,0.0,0.0
2018-03-25,8440.61092255991,,,,,,0.0,0.0
2018-03-26,8171.18435447107,164.4,83.46,128.28,23.31,119.71,0.0,0.0
2018-03-27,7837.26531940386,159.08,83.52,127.49,23.42,120.99,0.0,0.0
2018-03-28,7933.64272969024,157.25,83.53,125.73,23.63,121.31,0.0,0.0
2018-03-29,7108.5708132671,160.13,83.56,125.79,23.61,121.9,0.0,0.0
2018-03-30,6832.14906633548,,,,,,0.0,0.0
2018-03-31,6922.2812969024,,,,,,0.0,0.0
2018-04-01,6804.52487931035,,,,,,0.0,0.0
2018-04-02,7033.25960958504,155.51,83.49,127.26,23.6,121.88,0.0,0.094432
2018-04-03,7420.80051548802,157.26,83.45,126.3,23.64,120.94,0.0,0.0
2018-04-04,6780.54360140269,159.74,83.4,126.45,23.63,120.69,0.0,0.0
2018-04-05,6798.42261659848,160.65,83.42,125.8,23.72,119.79,0.0,0.0
2018-04-06,6610.49234979544,156.63,83.49,126.39,23.63,121.1,0.0,0.0
2018-04-07,6886.46947194623,,,,,,0.0,0.0
2018-04-08,7009.99610432496,,,,,,0.0,0.0
2018-04-09,6736.89282378726,157.73,83.48,126.82,23.57,121.3,0.0,0.0
2018-04-10,6816.71861542957,161.21,83.44,127.12,23.51,121.08,0.0,0.0
2018-04-11,6944.78585710111,160.28,83.44,128.11,23.49,121.51,0.0,0.0
2018-04-12,7904.33027527762,162.21,83.39,126.62,23.54,120.62,0.0,0.0
2018-04-13,7919.06469462303,161.37,83.37,127.45,23.54,120.9,0.0,0.0
2018-04-14,8006.41794330801,,,,,,0.0,0.0
2018-04-15,8342.27110140269,,,,,,0.0,0.0
2018-04-16,8046.98213354763,162.6,83.36,127.63,23.46,120.94,0.0,0.0
2018-04-17,7887.73795791935,166.1,83.36,127.75,23.46,121.27,0.0,0.0
2018-04-18,8162.83486177674,166.44,83.29,127.85,23.51,120.3,0.0,0.0
2018-04-19,8272.96731589714,164.91,83.29,127.6,23.58,119.32,0.0,0.0
2018-04-20,8839.5011320865,162.3,83.26,126.63,23.72,118.46,0.0,0.0
2018-04-21,8863.54082904734,,,,,,0.0,0.0
2018-04-22,8800.95908708358,,,,,,0.0,0.0
2018-04-23,8930.78463354763,161.89,83.25,125.62,23.87,118.49,0.0,0.0
2018-04-24,9652.21378872005,158.46,83.27,126.23,23.84,117.95,0.0,0.0
2018-04-25,8855.50893658679,158.65,83.26,125.41,23.94,117.16,0.0,0.0
2018-04-26,9264.72742694331,161.99,83.275,124.97,24.05,117.98,0.0,0.0
2018-04-27,8981.33079018118,162.09,83.3,125.5,24.03,118.89,0.0,0.0
2018-04-28,9341.82468468732,,,,,,0.0,0.0
2018-04-29,9396.99762974869,,,,,,0.0,0.0
2018-04-30,9228.7264836353,160.94,83.27,124.59,24.13,119.1,0.0,0.0
2018-05-01,9072.16875745178,162.78,83.13,123.71,24.29,118.41,0.0,0.103104
2018-05-02,9204.12764056108,161.82,83.16,123.65,24.4,118.28,0.0,0.0
2018-05-03,9750.70014640561,161.8,83.22,124.28,24.3,118.81,0.0,0.0
2018-05-04,9696.64290999416,164.87,83.19,124.54,24.33,118.99,0.0,0.0
2018-05-05,9795.92577206312,,,,,,0.0,0.0
2018-05-06,9595.08681940386,,,,,,0.0,0.0
2018-05-07,9339.5108471654,166.24,83.19,124.57,24.38,118.8,0.0,0.0
2018-05-08,9212.36963471654,166.07,83.195,124.59,24.47,118.69,0.0,0.0
2018-05-09,9293.04227352425,167.88,83.16,124.33,24.47,117.98,0.0,0.0
2018-05-10,9037.53050905903,169.62,83.16,125.18,24.36,118.93,0.0,0.0
2018-05-11,8419.75858737581,169.46,83.16,125.0,24.32,119.23,0.0,0.0
2018-05-12,8485.77526680304,,,,,,0.0,0.0
2018-05-13,8695.83309380479,,,,,,0.0,0.0
2018-05-14,8671.07417475161,169.75,83.16,124.49,24.35,118.6,0.0,0.0
2018-05-15,8488.463421391,167.87,83.11,122.48,24.5,117.25,0.0,0.0
2018-05-16,8327.75620134424,168.98,83.11,122.29,24.56,116.8,0.0,0.0
2018-05-17,8050.51623933372,168.33,83.13,122.36,24.59,116.21,0.0,0.0
2018-05-18,8233.08645528931,167.46,83.17,122.41,24.64,117.21,0.0,0.0
2018-05-19,8229.48293571011,,,,,,0.0,0.0
2018-05-20,8511.44883021625,,,,,,0.0,0.0
2018-05-21,8398.62312653419,168.4,83.17,122.48,24.62,117.27,0.0,0.0
2018-05-22,8007.52653214495,168.18,83.17,122.41,24.61,117.09,0.0,0.0
2018-05-23,7520.86767913501,169.6,83.24,122.54,24.71,117.94,0.0,0.0
2018-05-24,7575.62448597312,169.55,83.29,123.59,24.68,118.88,0.0,0.0
2018-05-25,7425.37567445938,169.72,83.36,123.21,24.8,119.62,0.0,0.0
2018-05-26,7326.30318644068,,,,,,0.0,0.0
2018-05-27,7338.19304441847,,,,,,0.0,0.0
2018-05-28,7110.82388164816,,,,,,0.0,0.0
2018-05-29,7453.63372501461,168.97,83.6,123.19,24.97,122.24,0.0,0.0
2018-05-30,7374.6690490941,170.18,83.5,123.37,24.78,121.42,0.0,0.0
2018-05-31,7478.74186703682,170.07,83.46,123.1,24.76,121.22,0.0,0.0
2018-06-01,7519.83573728814,172.74,83.27,122.49,24.8,120.3,0.0,0.12637
2018-06-02,7637.44825306838,,,,,,0.0,0.0
2018-06-03,7702.15793308007,,,,,,0.0,0.0
2018-06-04,7486.65319959088,174.3,83.2,122.37,24.78,119.43,0.0,0.0
2018-06-05,7611.14985271771,174.84,83.25,122.85,24.75,119.71,0.0,0.0
2018-06-06,7650.77580713033,175.86,83.22,122.92,24.68,118.74,0.0,0.0
2018-06-07,7665.9478962595,174.43,83.3,122.86,24.63,119.89,0.0,0.0
2018-06-08,7622.60233021625,174.44,83.28,123.01,24.64,119.53,0.0,0.0
2018-06-09,7556.17169783752,,,,,,0.0,0.0
2018-06-10,6744.73580099357,,,,,,0.0,0.0
2018-06-11,6849.45268731736,174.91,83.25,123.23,24.66,119.31,0.0,0.0
2018-06-12,6526.69968001169,175.83,83.21,122.82,24.71,119.34,0.0,0.0
2018-06-13,6306.51316803039,175.82,83.17,123.19,24.67,119.28,0.0,0.0
2018-06-14,6629.77012419638,177.6,83.2,123.38,24.99,120.27,0.0,0.0
2018-06-15,6399.67404646406,176.98,83.24,121.34,24.97,120.38,0.0,0.0
2018-06-16,6495.31530917592,,,,,,0.0,0.0
2018-06-17,6450.69397282291,,,,,,0.0,0.0
2018-06-18,6703.81258971362,176.5,83.26,121.11,24.97,120.27,0.37837,0.0
2018-06-19,6732.50880917592,176.0,83.29,120.8,25.04,120.97,0.0,0.0
2018-06-20,6753.20682583285,177.25,83.25,120.26,25.06,119.91,0.0,0.0
2018-06-21,6720.37323436587,175.71,83.3,120.05,24.99,120.54,0.0,0.0
2018-06-22,6059.5758591467,175.32,83.31,120.34,24.9,120.53,0.0,0.0
2018-06-23,6174.22577936879,,,,,,0.0,0.0
2018-06-24,6146.48719491526,,,,,,0.0,0.0
2018-06-25,6243.53544097019,171.37,83.34,119.89,24.86,120.8,0.0,0.0
2018-06-26,6096.12876621859,172.07,83.34,119.26,24.99,120.97,0.0,0.0
2018-06-27,6139.18968322618,169.73,83.39,118.58,25.14,122.11,0.0,0.0
2018-06-28,5858.63577819988,171.19,83.39,118.22,25.14,122.14,0.0,0.0
2018-06-29,6220.9137150789,171.65,83.37,118.65,24.94,121.72,0.0,0.0
2018-06-30,6375.5412314436,,,,,,0.0,0.0
2018-07-01,6361.40253886616,,,,,,0.0,0.0
2018-07-02,6608.367157218,172.8,83.23,117.46,25.06,121.35,0.0,0.129876
2018-07-03,6498.3078591467,170.8,83.26,118.65,24.98,122.0,0.0,0.0
2018-07-04,6579.33337638808,,,,,,0.0,0.0
2018-07-05,6535.29840268849,172.92,83.25,119.05,24.9,122.35,0.0,0.0
2018-07-06,6598.45909585038,175.61,83.27,118.86,24.82,122.75,0.0,0.0
2018-07-07,6737.85608036236,,,,,,0.0,0.0
2018-07-08,6704.91998012858,,,,,,0.0,0.0
2018-07-09,6664.02409351257,177.19,83.22,119.15,24.83,121.96,0.0,0.0
2018-07-10,6309.08400409118,177.32,83.21,118.93,24.84,121.95,0.0,0.0
2018-07-11,6377.97651139684,176.42,83.24,117.64,25.01,122.42,0.0,0.0
2018-07-12,6159.46667621274,179.46,83.23,118.13,25.03,122.41,0.0,0.0
2018-07-13,6208.98557188779,179.61,83.25,117.61,25.0,122.72,0.0,0.0
2018-07-14,6255.11247866744,,,,,,0.0,0.0
2018-07-15,6347.60427381648,,,,,,0.0,0.0
2018-07-16,6710.80743746347,179.18,83.23,117.55,24.96,122.21,0.0,0.0
2018-07-17,7320.59482787843,180.27,83.215,116.28,25.07,121.98,0.0,0.0
2018-07-18,7376.03833927528,179.93,83.21,116.31,25.1,121.49,0.0,0.0
2018-07-19,7467.0342980713,179.03,83.25,115.81,25.15,122.26,0.0,0.0
2018-07-20,7327.25668293396,178.99,83.25,116.56,24.95,120.76,0.0,0.0
2018-07-21,7410.56562039743,,,,,,0.0,0.0
2018-07-22,7399.48374693162,,,,,,0.0,0.0
2018-07-23,7716.15862741087,179.56,83.2,116.0,24.99,119.27,0.0,0.0
2018-07-24,8397.61652162478,180.3,83.21,116.04,25.0,119.68,0.0,0.0
2018-07-25,8202.72039538282,182.82,83.18,116.68,24.88,119.49,0.0,0.0
2018-07-26,7913.93077819989,180.05,83.18,115.77,25.05,119.26,0.0,0.0
2018-07-27,8173.7746113384,177.62,83.19,115.83,25.02,119.46,0.0,0.0
2018-07-28,8190.36005669199,,,,,,0.0,0.0
2018-07-29,8229.60583869083,,,,,,0.0,0.0
2018-07-30,8171.83951928697,175.11,83.19,115.65,24.93,119.05,0.0,0.0
2018-07-31,7725.13303594389,176.45,83.19,115.99,24.98,119.7,0.0,0.0
2018-08-01,7596.6980119813,177.12,83.06,115.14,25.01,118.46,0.0,0.138093
2018-08-02,7542.69466189363,179.53,83.11,114.52,25.15,118.63,0.0,0.0
2018-08-03,7411.34425014611,180.08,83.12,114.92,25.17,119.22,0.0,0.0
2018-08-04,7002.2086528346,,,,,,0.0,0.0
2018-08-05,7031.58775102279,,,,,,0.0,0.0
2018-08-06,6929.99089421391,181.14,83.14,114.33,25.21,119.29,0.0,0.0
2018-08-07,6722.57843278784,181.8,83.11,114.59,25.18,118.67,0.0,0.0
2018-08-08,6267.3886735827,182.02,83.12,114.91,25.15,118.79,0.0,0.0
2018-08-09,6558.09690794857,181.91,83.17,114.74,25.3,119.79,0.0,0.0
2018-08-10,6135.75185856224,180.52,83.25,114.69,25.48,120.66,0.0,0.0
2018-08-11,6313.74931180596,,,,,,0.0,0.0
2018-08-12,6314.69165575687,,,,,,0.0,0.0
2018-08-13,6265.84804383402,180.32,83.23,112.96,25.49,120.41,0.0,0.0
2018-08-14,6184.82908562244,181.45,83.23,113.07,25.59,120.14,0.0,0.0
2018-08-15,6270.21479865576,179.23,83.27,111.19,25.59,120.84,0.0,0.0
2018-08-16,6290.7504552893,179.82,83.25,111.1,25.57,120.83,0.0,0.0
2018-08-17,6563.07828872005,179.86,83.28,112.13,25.44,120.98,0.0,0.0
2018-08-18,6399.28744681473,,,,,,0.0,0.0
2018-08-19,6490.71612711865,,,,,,0.0,0.0
2018-08-20,6272.95272881356,179.7,83.33,112.69,25.38,121.79,0.0,0.0
2018-08-21,6473.07603945061,180.36,83.31,113.02,25.23,121.38,0.0,0.0
2018-08-22,6365.00983167738,181.06,83.33,113.27,25.16,121.86,0.0,0.0
2018-08-23,6516.40902542373,180.8,83.32,112.2,25.32,122.05,0.0,0.0
2018-08-24,6697.73187872589,182.48,83.33,114.16,25.2,122.29,0.0,0.0
2018-08-25,6745.43893921683,,,,,,0.0,0.0
2018-08-26,6689.86933313852,,,,,,0.0,0.0
2018-08-27,6839.15895236704,184.34,83.3,114.59,25.1,121.59,0.0,0.0
2018-08-28,7092.97380829924,184.61,83.27,113.68,25.1,120.86,0.0,0.0
2018-08-29,7033.42806808884,186.74,83.26,114.2,25.06,121.02,0.0,0.0
2018-08-30,6966.96374371713,186.41,83.32,113.64,25.08,121.28,0.0,0.0
2018-08-31,7025.14078024547,186.65,83.34,113.51,25.19,120.995,0.0,0.0
2018-09-01,7192.35254734074,,,,,,0.0,0.0
2018-09-02,7286.66779105786,,,,,,0.0,0.0
2018-09-03,7257.47021391,,,,,,0.0,0.0
2018-09-04,7358.81147895967,185.85,83.19,112.93,25.3,120.03,0.0,0.13121
2018-09-05,6790.89732846289,183.45,83.19,113.32,25.21,119.71,0.0,0.0
2018-09-06,6488.07593687902,181.81,83.22,113.54,25.21,120.15,0.0,0.0
2018-09-07,6408.65362244301,181.11,83.13,113.23,25.28,119.13,0.0,0.0
2018-09-08,6187.79050233781,,,,,,0.0,0.0
2018-09-09,6249.24631034483,,,,,,0.0,0.0
2018-09-10,6295.3886025716,181.72,83.14,113.15,25.23,119.57,0.0,0.0
2018-09-11,6278.42463968439,183.12,83.09,113.22,25.25,118.66,0.0,0.0
2018-09-12,6327.53636323787,182.58,83.09,114.17,25.16,118.94,0.0,0.0
2018-09-13,6490.91231648159,184.53,83.1,113.76,25.09,119.12,0.0,0.0
2018-09-14,6494.69547895967,183.99,83.07,113.02,25.18,118.55,0.0,0.0
2018-09-15,6524.16566744594,,,,,,0.0,0.0
2018-09-16,6497.40470134424,,,,,,0.0,0.0
2018-09-17,6258.59487492694,181.34,83.05,113.61,25.06,118.55,0.0,0.0
2018-09-18,6340.34779018118,182.84,83.04,113.44,25.1,117.31,0.0,0.0
2018-09-19,6383.95187580362,182.7,83.02,113.88,25.09,116.61,0.0,0.0
2018-09-20,6498.60711104617,184.72,83.05,114.27,24.91,117.15,0.0,0.0
2018-09-21,6741.14289888954,183.71,83.03,113.49,24.99,117.1,0.0,0.0
2018-09-22,6705.47605113969,,,,,,0.0,0.0
2018-09-23,6703.13684950321,,,,,,0.0,0.0
2018-09-24,6576.5450032145,183.89,83.03,113.47,24.99,116.8,0.32975,0.0
2018-09-25,6416.44402162478,184.14,83.04,113.65,25.01,116.68,0.0,0.0
2018-09-26,6463.25040356517,184.27,83.05,113.05,25.02,117.5,0.0,0.0
2018-09-27,6677.90048860316,185.83,83.05,112.05,25.2,117.58,0.0,0.0
2018-09-28,6623.12615984804,185.79,83.09,112.76,25.26,117.27,0.0,0.0
2018-09-29,6584.49914757452,,,,,,0.0,0.0
2018-09-30,6604.485028346,,,,,,0.0,0.0
2018-10-01,6561.81383226184,186.17,82.93,112.57,25.3,116.15,0.0,0.136928
2018-10-02,6508.72093863238,185.75,82.96,113.87,25.34,116.86,0.0,0.0
2018-10-03,6464.45684365868,185.95,82.92,113.42,25.42,114.83,0.0,0.0
2018-10-04,6545.28566773816,182.38,82.9,113.48,25.43,114.02,0.0,0.0
2018-10-05,6585.14957977791,180.15,82.89,113.8,25.4,113.04,0.0,0.0
2018-10-06,6550.47831589714,,,,,,0.0,0.0
2018-10-07,6564.56826008182,,,,,,0.0,0.0
2018-10-08,6604.68527410871,179.05,82.87,112.54,25.43,112.66,0.0,0.0
2018-10-09,6590.42862215079,179.63,82.9,112.6,25.42,113.8,0.0,0.0
2018-10-10,6529.10243600234,171.73,82.92,112.88,25.39,113.49,0.0,0.0
2018-10-11,6159.25164260666,169.6,82.95,115.78,25.25,114.87,0.0,0.0
2018-10-12,6191.67722326125,174.32,82.95,115.23,25.33,114.47,0.0,0.0
2018-10-13,6197.68569637639,,,,,,0.0,0.0
2018-10-14,6182.87934424313,,,,,,0.0,0.0
2018-10-15,6442.71541408533,172.21,82.98,116.0,25.27,114.42,0.0,0.0
2018-10-16,6461.93715926359,177.22,82.95,115.8,25.28,114.68,0.0,0.0
2018-10-17,6442.73070017534,177.29,82.945,115.79,25.41,114.0,0.0,0.0
2018-10-18,6396.47981209819,173.18,83.0,115.92,25.52,113.96,0.0,0.0
2018-10-19,6383.07784015196,173.02,82.95,116.01,25.47,113.71,0.0,0.0
2018-10-20,6408.25274634717,,,,,,0.0,0.0
2018-10-21,6415.34050292227,,,,,,0.0,0.0
2018-10-22,6408.03363559322,173.91,82.93,115.71,25.56,113.56,0.0,0.0
2018-10-23,6395.98766686149,173.27,82.98,116.39,25.52,113.92,0.0,0.0
2018-10-24,6413.80364114553,165.34,83.11,116.66,25.65,114.78,0.0,0.0
2018-10-25,6402.3248591467,171.06,83.08,116.4,25.72,114.3,0.0,0.0
2018-10-26,6404.10855230859,166.66,83.13,116.77,25.65,114.99,0.0,0.0
2018-10-27,6409.40532758621,,,,,,0.0,0.0
2018-10-28,6406.63325306838,,,,,,0.0,0.0
2018-10-29,6263.0417346581,163.23,83.16,116.31,25.72,114.73,0.0,0.0
2018-10-30,6272.16772822911,165.92,83.12,115.8,25.83,114.16,0.0,0.0
2018-10-31,6306.31693132671,169.82,83.08,115.15,25.82,113.58,0.0,0.0
2018-11-01,6342.97750058445,172.06,82.98,116.63,25.65,113.41,0.0,0.145529
2018-11-02,6348.16858270018,169.38,82.88,116.65,25.71,112.0,0.0,0.0
2018-11-03,6332.43413296318,,,,,,0.0,0.0
2018-11-04,6420.42200029223,,,,,,0.0,0.0
2018-11-05,6402.94683898305,168.96,82.91,116.37,25.7,112.44,0.0,0.0
2018-11-06,6441.14521887785,170.24,82.89,116.04,25.64,112.37,0.0,0.0
2018-11-07,6500.86980508475,175.58,82.86,116.03,25.59,112.52,0.0,0.0
2018-11-08,6406.75293746347,174.46,82.85,115.78,25.74,112.51,0.0,0.0
2018-11-09,6331.37876709527,171.52,82.89,114.48,25.79,113.35,0.0,0.0
2018-11-10,6353.11273407364,,,,,,0.0,0.0
2018-11-11,6335.41420397428,,,,,,0.0,0.0
2018-11-12,6320.65605376972,166.33,82.95,113.66,26.02,114.09,0.0,0.0
2018-11-13,6267.9379912332,166.47,82.96,113.7,25.93,114.02,0.0,0.0
2018-11-14,5574.25834891876,165.2,83.02,114.64,25.84,114.09,0.0,0.0
2018-11-15,5538.56060783168,168.09,83.06,114.77,25.9,114.04,0.0,0.0
2018-11-16,5496.01623115137,167.5,83.12,115.62,25.71,114.7,0.0,0.0
2018-11-17,5501.09234044418,,,,,,0.0,0.0
2018-11-18,5555.3763383986,,,,,,0.0,0.0
2018-11-19,4792.20002367037,162.06,83.19,115.67,25.69,115.02,0.0,0.0
2018-11-20,4317.53067007598,159.16,83.17,115.67,25.82,115.06,0.0,0.0
2018-11-21,4549.32200993571,160.37,83.17,115.86,25.82,115.02,0.0,0.0
2018-11-22,4303.61554850964,,,,,,0.0,0.0
2018-11-23,4289.89285330216,159.21,83.15,115.77,25.87,115.14,0.0,0.0
2018-11-24,3806.31692489772,,,,,,0.0,0.0
2018-11-25,3946.85087434249,,,,,,0.0,0.0
2018-11-26,3700.28599269433,162.89,83.16,115.64,25.92,114.88,0.0,0.0
2018-11-27,3776.55590531853,163.44,83.17,114.95,25.99,115.01,0.0,0.0
2018-11-28,4208.47526914085,168.7,83.2,115.38,25.86,114.45,0.0,0.0
2018-11-29,4239.03948831093,168.15,83.22,115.74,25.82,114.9,0.0,0.0
2018-11-30,3973.33405230859,169.37,83.25,115.54,25.92,115.33,0.0,0.0
2018-12-01,4148.07372559906,,,,,,0.0,0.0
2018-12-02,4098.74676388077,,,,,,0.0,0.0
2018-12-03,3843.9766659848,172.33,83.04,116.41,25.93,115.88,0.0,0.142305
2018-12-04,3892.95164699006,165.72,83.1,117.12,25.88,117.82,0.0,0.0
2018-12-05,3709.52085827002,,,,,,0.0,0.0
2018-12-06,3511.96898158971,166.89,83.18,117.14,25.87,118.19,0.0,0.0
2018-12-07,3372.99569257744,161.38,83.27,118.09,25.8,118.41,0.0,0.0
2018-12-08,3407.95119462303,,,,,,0.0,0.0
2018-12-09,3540.43957597896,,,,,,0.0,0.0
2018-12-10,3413.59258416131,163.07,83.27,117.68,25.97,118.9,0.0,0.0
2018-12-11,3352.56420017534,163.61,83.19,117.54,26.04,118.88,0.0,0.0
2018-12-12,3423.01291788428,165.05,83.18,117.79,25.94,118.35,0.0,0.0
2018-12-13,3260.34158240795,165.1,83.26,117.53,25.94,118.07,0.0,0.0
2018-12-14,3198.94747369959,161.08,83.305,117.06,26.04,118.48,0.0,0.0
2018-12-15,3185.07404383402,,,,,,0.0,0.0
2018-12-16,3195.41455523086,,,,,,0.0,0.0
2018-12-17,3499.15648188194,157.43,83.39,117.87,25.97,119.17,0.0,0.0
2018-12-18,3659.52737931035,158.42,83.32,118.15,25.96,119.6,0.0,0.118755
2018-12-19,3697.72530333139,154.53,83.34,117.43,25.97,121.18,0.0,0.0
2018-12-20,4067.73770777323,152.29,83.33,119.24,25.77,120.74,0.0,0.0
2018-12-21,3839.08510841613,147.57,83.39,118.72,25.94,120.72,0.0,0.0
2018-12-22,3964.94611630625,,,,,,0.0,0.0
2018-12-23,3942.66699590883,,,,,,0.0,0.0
2018-12-24,4040.04578959673,143.5,83.46,120.02,25.55,121.32,0.42061,0.0
2018-12-25,3761.58401081239,,,,,,0.0,0.0
2018-12-26,3807.65745353594,152.46,83.38,119.66,25.68,120.02,0.0,0.0
2018-12-27,3585.46053594389,153.05,83.47,120.57,25.57,120.04,0.0,0.0
2018-12-28,3881.05488486265,152.97,83.59,121.06,25.5,121.05,0.0,0.0
2018-12-29,3823.13832612507,,,,,,0.0,0.0
2018-12-30,3825.4074628872,,,,,,0.0,0.0
2018-12-31,3687.19994009351,154.26,83.62,121.25,25.45,121.51,0.0,0.0
2019-01-01,3808.11783167738,,,,,,0.0,0.0
2019-01-02,3898.1974880187,154.88,83.63,121.33,25.64,122.15,0.0,0.0
2019-01-03,3784.38863471654,149.82,83.8,122.43,25.5,123.54,0.0,0.0
2019-01-04,3827.52459438925,156.23,83.62,121.44,25.46,122.11,0.0,0.0
2019-01-05,3798.61395499708,,,,,,0.0,0.0
2019-01-06,4045.99377498539,,,,,,0.0,0.0
2019-01-07,4001.01827819988,158.09,83.56,121.86,25.35,121.75,0.0,0.0
2019-01-08,3992.6227893045,159.52,83.51,121.53,25.43,121.43,0.0,0.0
2019-01-09,4004.25903565167,160.82,83.55,122.31,25.19,121.24,0.0,0.0
2019-01-10,3627.90345002922,161.28,83.56,121.59,25.34,120.46,0.0,0.0
2019-01-11,3624.16142109877,160.69,83.61,121.8,25.36,120.93,0.0,0.0
2019-01-12,3617.02207831677,,,,,,0.0,0.0
2019-01-13,3508.6701081239,,,,,,0.0,0.0
2019-01-14,3666.94519374635,159.27,83.61,122.09,25.36,120.48,0.0,0.0
2019-01-15,3581.29301548802,162.38,83.64,121.88,25.45,120.04,0.0,0.0
2019-01-16,3606.98657568673,162.35,83.62,122.27,25.48,120.16,0.0,0.0
2019-01-17,3640.12913062536,163.63,83.61,122.11,25.48,120.19,0.0,0.0
2019-01-18,3609.42673611923,165.25,83.54,121.02,25.56,119.56,0.0,0.0
2019-01-19,3687.30196113384,,,,,,0.0,0.0
2019-01-20,3538.31372296903,,,,,,0.0,0.0
2019-01-21,3535.623393045,,,,,,0.0,0.0
2019-01-22,3577.30834979544,161.94,83.61,121.45,25.56,120.37,0.0,0.0
2019-01-23,3551.89382115722,162.15,83.59,121.28,25.5,120.32,0.0,0.0
2019-01-24,3567.58893366452,163.2,83.66,121.09,25.65,121.11,0.0,0.0
2019-01-25,3561.35049795441,165.15,83.6,122.86,25.44,120.53,0.0,0.0
2019-01-26,3557.03991525424,,,,,,0.0,0.0
2019-01-27,3537.61413062536,,,,,,0.0,0.0
2019-01-28,3435.05251402689,163.11,83.61,123.29,25.46,120.41,0.0,0.0
2019-01-29,3395.82376329632,161.57,83.65,123.98,25.47,121.02,0.0,0.0
2019-01-30,3437.89586616014,165.68,83.76,124.69,25.34,120.93,0.0,0.0
2019-01-31,3410.13161601403,168.16,83.83,124.75,25.39,121.97,0.0,0.0
2019-02-01,3445.04989129164,167.45,83.58,124.5,25.39,120.96,0.0,0.152213
2019-02-02,3461.93511747516,,,,,,0.0,0.0
2019-02-03,3413.02161630625,,,,,,0.0,0.0
2019-02-04,3411.38796171829,169.53,83.58,123.96,25.46,120.42,0.0,0.0
2019-02-05,3426.46501139684,171.03,83.58,124.28,25.53,120.97,0.0,0.0
2019-02-06,3367.50636499123,170.52,83.62,123.44,25.63,121.03,0.0,0.0
2019-02-07,3358.87359906487,168.23,83.68,123.74,25.69,121.83,0.0,0.0
2019-02-08,3612.47961922852,168.56,83.71,124.21,25.72,122.35,0.0,0.0
2019-02-09,3621.26812098188,,,,,,0.0,0.0
2019-02-10,3642.0223591467,,,,,,0.0,0.0
2019-02-11,3590.6184836353,168.4,83.68,123.6,25.82,121.87,0.0,0.0
2019-02-12,3587.90246580947,170.89,83.67,123.86,25.73,121.555,0.0,0.0
2019-02-13,3576.08537258913,171.01,83.61,123.37,25.87,121.1,0.0,0.0
2019-02-14,3561.91638340152,171.22,83.72,124.06,25.84,121.79,0.0,0.0
2019-02-15,3565.00692372881,171.94,83.68,124.8,25.79,121.98,0.0,0.0
2019-02-16,3584.73600263004,,,,,,0.0,0.0
2019-02-17,3622.7574289889,,,,,,0.0,0.0
2019-02-18,3866.12921712449,,,,,,0.0,0.0
2019-02-19,3895.43521098773,172.28,83.74,126.7,25.69,122.29,0.0,0.0
2019-02-20,3931.61382904734,172.25,83.725,126.48,25.71,121.94,0.0,0.0
2019-02-21,3892.26179427236,171.62,83.7,125.05,25.73,120.85,0.0,0.0
2019-02-22,3948.30051052016,172.89,83.76,125.5,25.72,121.57,0.0,0.0
2019-02-23,4110.15112127411,,,,,,0.0,0.0
2019-02-24,3754.18378988895,,,,,,0.0,0.0
2019-02-25,3822.01869666861,173.52,83.75,125.37,25.7,121.21,0.0,0.0
2019-02-26,3796.17506838106,173.7,83.79,125.58,25.6,121.81,0.0,0.0
2019-02-27,3799.3819924021,173.59,83.77,124.69,25.62,120.43,0.0,0.0
2019-02-28,3792.94772296902,173.19,83.75,123.99,25.64,120.02,0.0,0.0
2019-03-01,3810.63269257744,174.39,83.54,121.88,25.74,118.66,0.0,0.15434
2019-03-02,3809.64339099942,,,,,,0.0,0.0
2019-03-03,3782.38187025132,,,,,,0.0,0.0
2019-03-04,3698.16185505552,174.42,83.56,121.56,25.77,119.59,0.0,0.0
2019-03-05,3840.1280490941,174.55,83.57,121.72,25.84,119.84,0.0,0.0
2019-03-06,3851.99842548218,173.56,83.63,121.61,25.84,120.28,0.0,0.0
2019-03-07,3855.92316832262,171.43,83.7,121.51,26.07,121.06,0.0,0.0
2019-03-08,3839.23355289304,171.17,83.73,122.84,25.99,121.57,0.0,0.0
2019-03-09,3910.36116656926,,,,,,0.0,0.0
2019-03-10,3903.9119509059,,,,,,0.0,0.0
2019-03-11,3851.56892168323,174.73,83.71,122.24,25.93,121.21,0.0,0.0
2019-03-12,3858.91482378726,175.69,83.74,122.98,25.88,122.06,0.0,0.0
2019-03-13,3851.95746639392,177.01,83.75,123.84,25.76,121.83,0.0,0.0
2019-03-14,3853.78326504968,176.71,83.77,122.41,25.84,120.95,0.0,0.0
2019-03-15,3901.91420689655,178.35,83.8,122.97,25.8,121.75,0.0,0.0
2019-03-16,3989.79607685564,,,,,,0.0,0.0
2019-03-17,3967.14349444769,,,,,,0.0,0.0
2019-03-18,3969.44014582116,178.45,83.78,123.04,25.77,121.68,0.32421,0.0
2019-03-19,3996.16790356517,179.05,83.77,123.38,25.74,121.41,0.0,0.0
2019-03-20,4030.65527586207,179.76,83.89,124.18,25.59,122.68,0.0,0.0
2019-03-21,3976.27385008767,182.57,83.89,123.68,25.75,122.95,0.0,0.0
2019-03-22,3983.88764582116,178.56,84.03,123.97,25.8,124.86,0.0,0.0
2019-03-23,3981.77603302163,,,,,,0.0,0.0
2019-03-24,3970.6669880187,,,,,,0.0,0.0
2019-03-25,3908.23883869082,178.22,84.12,124.92,25.8,125.06,0.0,0.0
2019-03-26,3917.76340210403,179.05,84.11,124.3,25.88,124.97,0.0,0.0
2019-03-27,4027.00791788428,177.9,84.18,123.65,25.91,126.12,0.0,0.0
2019-03-28,4010.93746201052,178.31,84.17,121.9,26.0,126.56,0.0,0.0
2019-03-29,4089.46104003507,179.66,84.12,122.01,26.03,126.44,0.0,0.0
2019-03-30,4091.89103834015,,,,,,0.0,0.0
2019-03-31,4094.31781472823,,,,,,0.0,0.0
2019-04-01,4138.41780771479,182.04,83.87,121.53,26.01,124.37,0.0,0.163781
2019-04-02,4903.71946206897,182.73,83.91,121.98,26.04,124.6,0.0,0.0
2019-04-03,4960.22760274693,183.78,83.87,121.8,26.0,123.52,0.0,0.0
2019-04-04,4911.26970245471,183.71,83.89,122.11,26.03,123.87,0.0,0.0
2019-04-05,5033.22548369375,184.66,83.88,121.98,26.06,124.03,0.0,0.0
2019-04-06,5044.35684593805,,,,,,0.0,0.0
2019-04-07,5189.11195558153,,,,,,0.0,0.0
2019-04-08,5283.42302483928,185.13,83.86,122.51,25.97,123.59,0.0,0.0
2019-04-09,5195.57790882525,184.48,83.87,123.15,25.98,123.98,0.0,0.0
2019-04-10,5311.74160327294,185.47,83.94,123.53,25.94,124.28,0.0,0.0
2019-04-11,5050.66600859147,185.03,83.89,121.95,26.02,123.55,0.0,0.0
2019-04-12,5082.86143202805,185.83,83.84,121.83,25.96,122.67,0.0,0.0
2019-04-13,5074.79069257744,,,,,,0.0,0.0
2019-04-14,5156.80404061952,,,,,,0.0,0.0
2019-04-15,5042.89773845704,185.86,83.85,121.6,25.95,122.98,0.0,0.0
2019-04-16,5205.96295745178,186.5,83.84,120.51,26.01,122.21,0.0,0.0
2019-04-17,5226.35221519579,187.15,83.87,120.28,25.99,122.26,0.0,0.0
2019-04-18,5278.5023395675,187.39,83.89,120.37,26.13,122.9,0.0,0.0
2019-04-19,5289.95121911163,,,,,,0.0,0.0
2019-04-20,5313.97326212741,,,,,,0.0,0.0
2019-04-21,5295.73382817066,,,,,,0.0,0.0
2019-04-22,5383.79997533606,187.92,83.9,120.37,26.07,122.31,0.0,0.0
2019-04-23,5544.86271186441,190.31,83.94,120.12,26.16,122.57,0.0,0.0
2019-04-24,5431.94791963764,189.71,83.99,120.47,26.29,123.57,0.0,0.0
2019-04-25,5127.67316738749,190.48,83.99,120.57,26.34,123.39,0.0,0.0
2019-04-26,5150.16466066628,190.65,84.08,121.37,26.31,123.81,0.0,0.0
2019-04-27,5181.80776364699,,,,,,0.0,0.0
2019-04-28,5148.66961542957,,,,,,0.0,0.0
2019-04-29,5148.80049327878,191.02,84.05,120.83,26.25,123.02,0.0,0.0
2019-04-30,5266.61820251315,189.54,84.11,121.2,26.17,123.65,0.0,0.0
2019-05-01,5315.17532904734,188.93,83.88,120.4,26.2,123.9,0.0,0.156364
2019-05-02,5393.12937638808,188.11,83.84,119.94,26.26,123.31,0.0,0.0
2019-05-03,5658.43038836938,191.11,83.87,120.65,26.16,123.66,0.0,0.0
2019-05-04,5774.71242869667,,,,,,0.0,0.0
2019-05-05,5728.35170222092,,,,,,0.0,0.0
2019-05-06,5691.68837405026,189.94,83.92,120.81,26.18,124.0,0.0,0.0
2019-05-07,5825.744893045,186.24,83.96,121.21,26.2,124.95,0.0,0.0
2019-05-08,5931.8005949737,185.77,83.95,120.91,26.21,124.41,0.0,0.0
2019-05-09,6150.14044476914,184.77,84.0,121.2,26.16,124.92,0.0,0.0
2019-05-10,6357.46349357101,185.0,84.02,121.43,26.15,124.75,0.0,0.0
2019-05-11,7325.08286031561,,,,,,0.0,0.0
2019-05-12,6942.62317451783,,,,,,0.0,0.0
2019-05-13,7798.90573600234,178.58,84.12,122.67,26.15,125.73,0.0,0.0
2019-05-14,7955.5576823495,180.54,84.12,122.46,26.21,125.36,0.0,0.0
2019-05-15,8215.2068383986,183.09,84.18,122.39,26.22,126.13,0.0,0.0
2019-05-16,7862.07160233782,184.93,84.13,121.51,26.29,125.71,0.0,0.0
2019-05-17,7326.92068188194,183.04,84.15,120.65,26.35,125.99,0.0,0.0
2019-05-18,7277.98756341321,,,,,,0.0,0.0
2019-05-19,8219.74278696669,,,,,,0.0,0.0
2019-05-20,7981.13937895967,179.95,84.11,120.64,26.33,125.73,0.0,0.0
2019-05-21,7983.80847738165,181.83,84.07,120.36,26.37,125.53,0.0,0.0
2019-05-22,7667.90211484512,181.02,84.11,120.24,26.39,126.25,0.0,0.0
2019-05-23,7897.4712936879,178.25,84.26,121.17,26.34,127.67,0.0,0.0
2019-05-24,7987.10036762127,178.16,84.23,121.3,26.25,127.78,0.0,0.0
2019-05-25,8061.59176072472,,,,,,0.0,0.0
2019-05-26,8731.52495587376,,,,,,0.0,0.0
2019-05-27,8816.78670835769,,,,,,0.0,0.0
2019-05-28,8719.12584833431,177.49,84.3,120.83,26.36,128.79,0.0,0.0
2019-05-29,8655.48850613676,176.03,84.31,120.87,26.42,129.09,0.0,0.0
2019-05-30,8271.62196317942,176.77,84.38,121.69,26.43,130.2,0.0,0.0
2019-05-31,8556.222185564,173.95,84.56,123.33,26.32,131.83,0.0,0.0
2019-06-01,8554.80732963179,,,,,,0.0,0.0
2019-06-02,8744.35374547049,,,,,,0.0,0.0
2019-06-03,8173.40127054354,170.12,84.55,125.11,26.18,132.44,0.0,0.168676
2019-06-04,7649.93933196961,174.91,84.49,125.15,26.15,130.93,0.0,0.0
2019-06-05,7798.54446639392,176.21,84.53,125.47,26.24,130.19,0.0,0.0
2019-06-06,7776.71332612507,177.61,84.48,125.88,26.15,130.61,0.0,0.0
2019-06-07,8023.950093045,181.04,84.57,126.59,26.04,131.74,0.0,0.0
2019-06-08,7939.80515488019,,,,,,0.0,0.0
2019-06-09,7634.06575073057,,,,,,0.0,0.0
2019-06-10,7993.30253857393,183.15,84.49,125.33,26.07,130.5,0.0,0.0
2019-06-11,7922.48362711864,183.4,84.46,125.18,26.08,130.58,0.0,0.0
2019-06-12,8146.75612507306,182.34,84.53,125.83,26.15,130.68,0.0,0.0
2019-06-13,8232.77734137931,183.42,84.62,126.6,26.17,131.13,0.0,0.0
2019-06-14,8698.00481502046,182.64,84.59,126.56,26.31,131.46,0.0,0.0
2019-06-15,8850.58481601403,,,,,,0.0,0.0
2019-06-16,9019.51700672121,,,,,,0.0,0.0
2019-06-17,9340.57218877849,183.74,84.55,126.48,26.32,131.69,0.0,0.0
2019-06-18,9047.13274447691,186.41,84.56,127.12,26.36,132.35,0.0,0.0
2019-06-19,9285.05567656341,187.11,84.74,127.89,26.24,132.54,0.0,0.0
2019-06-20,9546.71977819988,188.85,84.78,131.11,26.08,132.89,0.0,0.0
2019-06-21,10083.4863136762,188.57,84.74,131.98,25.95,131.43,0.0,0.0
2019-06-22,10685.2952327878,,,,,,0.0,0.0
2019-06-23,10794.4276963764,,,,,,0.0,0.0
2019-06-24,11004.2069094681,188.16,84.79,133.94,25.91,132.41,0.41558,0.0
2019-06-25,11726.2638308007,184.93,84.81,134.2,25.97,132.82,0.0,0.0
2019-06-26,12863.4606849795,185.79,84.71,132.97,25.99,131.97,0.0,0.0
2019-06-27,11109.7978418469,186.5,84.78,132.84,25.99,132.9,0.0,0.0
2019-06-28,12358.2079582116,186.74,84.78,133.2,25.97,132.81,0.0,0.0
2019-06-29,11944.3515473407,,,,,,0.0,0.0
2019-06-30,10842.6167109877,,,,,,0.0,0.0
2019-07-01,10569.5517282291,189.26,84.57,130.62,26.16,132.24,0.0,0.155947
2019-07-02,10766.0833162186,190.01,84.62,133.41,26.14,133.26,0.0,0.0
2019-07-03,11952.0248935126,191.44,84.64,133.63,26.14,134.21,0.0,0.0
2019-07-04,11177.0103787551,,,,,,0.0,0.0
2019-07-05,10998.3991004676,191.05,84.47,132.14,26.28,132.43,0.0,0.0
2019-07-06,11208.225600526,,,,,,0.0,0.0
2019-07-07,11456.1836039158,,,,,,0.0,0.0
2019-07-08,12319.6228758036,189.71,84.43,131.29,26.33,132.61,0.0,0.0
2019-07-09,12579.107616014,190.66,84.4,131.75,26.35,132.56,0.0,0.0
2019-07-10,12106.7829313267,192.56,84.55,133.83,26.24,131.83,0.0,0.0
2019-07-11,11294.678028346,192.42,84.51,132.7,26.24,130.07,0.0,0.0
2019-07-12,11813.3237158971,193.53,84.52,133.53,26.19,130.22,0.0,0.0
2019-07-13,11346.837148159,,,,,,0.0,0.0
2019-07-14,10283.0757891292,,,,,,0.0,0.0
2019-07-15,10926.3802741087,194.15,84.54,133.53,26.23,130.97,0.0,0.0
2019-07-16,9471.14086475745,193.15,84.51,132.4,26.35,130.58,0.0,0.0
2019-07-17,9674.88246113384,192.2,84.59,134.58,26.3,131.99,0.0,0.0
2019-07-18,10679.8906896552,192.42,84.69,136.48,26.16,132.0,0.0,0.0
2019-07-19,10532.2027291058,191.01,84.6,134.47,26.29,131.69,0.0,0.0
2019-07-20,10862.6485479252,,,,,,0.0,0.0
2019-07-21,10589.7064907656,,,,,,0.0,0.0
2019-07-22,10318.5609251899,192.53,84.61,134.45,26.34,131.94,0.0,0.0
2019-07-23,9866.64894038574,193.79,84.59,133.69,26.46,131.22,0.0,0.0
2019-07-24,9792.78753652835,195.15,84.61,134.37,26.46,131.79,0.0,0.0
2019-07-25,9897.18678603156,193.3,84.56,133.42,26.51,131.16,0.0,0.0
2019-07-26,9836.69678813559,195.29,84.57,133.64,26.55,131.47,0.0,0.0
2019-07-27,9446.67205207481,,,,,,0.0,0.0
2019-07-28,9529.78879193454,,,,,,0.0,0.0
2019-07-29,9504.15891595558,194.62,84.57,134.53,26.57,131.51,0.0,0.0
2019-07-30,9589.10920601987,193.78,84.58,134.98,26.57,131.83,0.0,0.0
2019-07-31,10059.0040189947,191.1,84.57,133.21,26.73,132.89,0.0,0.0
2019-08-01,10400.3070143776,190.15,84.66,136.41,26.65,135.26,0.0,0.150023
2019-08-02,10529.6944544126,187.35,84.68,135.89,26.59,136.51,0.0,0.0
2019-08-03,10810.4216686148,,,,,,0.0,0.0
2019-08-04,10986.5089291058,,,,,,0.0,0.0
2019-08-05,11790.0239375804,180.73,84.85,137.79,26.46,138.87,0.0,0.0
2019-08-06,11423.4970017534,183.26,84.89,138.91,26.49,139.98,0.0,0.0
2019-08-07,11967.2735473407,184.25,84.9,141.02,26.47,140.03,0.0,0.0
2019-08-08,11938.2346108708,188.26,84.87,141.73,26.49,140.33,0.0,0.0
2019-08-09,11858.3410984804,186.49,84.82,141.26,26.46,140.05,0.0,0.0
2019-08-10,11303.7305618936,,,,,,0.0,0.0
2019-08-11,11530.195242256,,,,,,0.0,0.0
2019-08-12,11384.6962465809,184.35,84.91,142.63,26.44,142.97,0.0,0.0
2019-08-13,10867.05475827,188.39,84.81,141.78,26.56,142.48,0.0,0.0
2019-08-14,10024.3795917008,182.76,84.915,142.75,26.62,145.69,0.0,0.0
2019-08-15,10310.0858696669,182.55,85.1,143.7,26.64,147.31,0.0,0.0
2019-08-16,10373.3219028054,185.48,85.09,142.78,26.66,146.13,0.0,0.0
2019-08-17,10207.1555616598,,,,,,0.0,0.0
2019-08-18,10331.3099760374,,,,,,0.0,0.0
2019-08-19,10884.6297744009,188.43,85.0,141.11,26.72,144.04,0.0,0.0
2019-08-20,10771.3923793688,186.97,85.06,142.21,26.66,145.53,0.0,0.0
2019-08-21,10096.8302238457,188.63,84.98,141.76,26.69,144.56,0.0,0.0
2019-08-22,10119.7145248393,188.02,84.94,141.4,26.67,143.6,0.0,0.0
2019-08-23,10414.1441725891,182.07,85.08,144.17,26.52,145.96,0.0,0.0
2019-08-24,10147.0871548802,,,,,,0.0,0.0
2019-08-25,10100.3567783752,,,,,,0.0,0.0
2019-08-26,10362.6434723553,184.82,85.04,144.19,26.66,145.37,0.0,0.0
2019-08-27,10168.221571654,184.43,85.07,145.57,26.64,147.61,0.0,0.0
2019-08-28,9724.79997808299,185.09,85.09,145.16,26.7,147.8,0.0,0.0
2019-08-29,9482.31173495032,187.92,85.05,144.12,26.77,147.24,0.0,0.0
2019-08-30,9577.67882349503,187.47,85.08,143.75,26.87,147.28,0.0,0.0
2019-08-31,9605.02446142607,,,,,,0.0,0.0
2019-09-01,9762.93655689655,,,,,,0.0,0.0
2019-09-02,10377.3383845704,,,,,,0.0,0.0
2019-09-03,10618.7815058445,185.65,85.0,145.75,26.93,147.21,0.0,0.146225
2019-09-04,10577.2410839275,188.33,85.07,146.66,26.76,147.43,0.0,0.0
2019-09-05,10580.1846995909,191.78,84.88,143.14,26.77,144.76,0.0,0.0
2019-09-06,10330.8497312098,191.59,84.89,141.92,26.78,145.79,0.0,0.0
2019-09-07,10494.5069649328,,,,,,0.0,0.0
2019-09-08,10407.2656573933,,,,,,0.0,0.0
2019-09-09,10332.4644424313,191.19,84.8,141.39,26.73,143.2,0.0,0.0
2019-09-10,10085.9519243133,190.64,84.66,140.18,26.76,140.69,0.0,0.0
2019-09-11,10142.1480603741,192.43,84.66,141.03,26.84,140.44,0.0,0.0
2019-09-12,10403.3599707773,193.23,84.64,141.32,26.76,139.52,0.0,0.0
2019-09-13,10345.3387469316,192.54,84.5,140.15,26.72,136.54,0.0,0.0
2019-09-14,10363.4528963179,,,,,,0.0,0.0
2019-09-15,10306.1696674459,,,,,,0.0,0.0
2019-09-16,10257.822761543,191.68,84.57,141.32,26.84,138.28,0.0,0.0
2019-09-17,10195.6111811806,192.6,84.61,141.6,26.72,139.03,0.0,0.0
2019-09-18,10161.3188664524,192.52,84.56,140.71,26.82,139.62,0.0,0.0
2019-09-19,10268.3926291642,192.84,84.57,141.28,26.76,140.04,0.0,0.0
2019-09-20,10170.1251161309,190.8,84.66,142.95,26.83,141.89,0.0,0.0
2019-09-21,9986.4061081239,,,,,,0.0,0.0
2019-09-22,10047.0134748685,,,,,,0.0,0.0
2019-09-23,9692.74104792519,190.5,84.71,143.75,26.87,141.86,0.38415,0.0
2019-09-24,8613.67124850965,187.97,84.8,144.51,26.77,143.57,0.0,0.0
2019-09-25,8424.15764640561,190.08,84.69,141.83,26.98,141.47,0.0,0.0
2019-09-26,8091.69529924021,189.38,84.73,141.79,27.05,142.38,0.0,0.0
2019-09-27,8186.77963927528,187.03,84.78,141.06,27.01,142.73,0.0,0.0
2019-09-28,8201.97901344243,,,,,,0.0,0.0
2019-09-29,8064.50806236119,,,,,,0.0,0.0
2019-09-30,8282.3654541204,188.81,84.82,138.87,27.1,143.08,0.0,0.0
2019-10-01,8314.55139012273,187.27,84.78,139.63,27.01,143.26,0.0,0.135
2019-10-02,8362.53073232028,184.05,84.87,141.26,26.99,143.61,0.0,0.0
2019-10-03,8254.33991028638,186.07,85.05,141.9,26.98,144.92,0.0,0.0
2019-10-04,8165.68615125658,188.81,85.04,141.9,26.96,145.99,0.0,0.0
2019-10-05,8141.63371379311,,,,,,0.0,0.0
2019-10-06,7854.60981297487,,,,,,0.0,0.0
2019-10-07,8226.02342928112,188.24,84.95,140.69,27.01,144.78,0.0,0.0
2019-10-08,8190.1151207481,185.42,85.0,141.92,27.05,145.17,0.0,0.0
2019-10-09,8598.3319207481,187.23,84.95,142.05,27.03,144.35,0.0,0.0
2019-10-10,8578.09037931034,188.68,84.85,140.81,26.92,142.2,0.0,0.0
2019-10-11,8289.85402893045,191.11,84.77,140.03,26.82,140.44,0.0,0.0
2019-10-12,8323.7501440678,,,,,,0.0,0.0
2019-10-13,8291.25065143191,,,,,,0.0,0.0
2019-10-14,8346.36843658679,191.09,84.78,140.59,26.9,141.46,0.0,0.0
2019-10-15,8160.71262752776,193.52,84.76,139.61,26.82,139.75,0.0,0.0
2019-10-16,8003.85592314436,193.04,84.8,140.41,26.75,139.92,0.0,0.0
2019-10-17,8072.48938229106,193.55,84.8,140.61,26.65,139.58,0.0,0.0
2019-10-18,7959.33199357101,191.69,84.83,140.46,26.55,139.58,0.0,0.0
2019-10-19,7948.47733722969,,,,,,0.0,0.0
2019-10-20,8213.70903927528,,,,,,0.0,0.0
2019-10-21,8211.65455873758,193.39,84.79,139.79,26.57,138.53,0.0,0.0
2019-10-22,8029.20537288136,191.85,84.82,140.2,26.63,139.34,0.0,0.0
2019-10-23,7458.03585680889,192.22,84.81,140.53,26.62,139.48,0.0,0.0
2019-10-24,7454.37113816482,194.09,84.81,141.53,26.7,139.2,0.0,0.0
2019-10-25,8656.65517755699,195.64,84.76,141.86,26.73,138.52,0.0,0.0
2019-10-26,9249.64676095851,,,,,,0.0,0.0
2019-10-27,9558.15604400935,,,,,,0.0,0.0
2019-10-28,9319.17814167154,197.57,84.73,140.64,26.71,137.26,0.0,0.0
2019-10-29,9431.20712390415,196.04,84.75,140.25,26.7,137.35,0.0,0.0
2019-10-30,9182.85506516657,196.99,84.8,141.02,26.64,139.36,0.0,0.0
2019-10-31,9155.27729877265,197.08,84.95,142.43,26.59,141.24,0.0,0.0
2019-11-01,9251.38129345412,198.87,84.76,142.56,26.58,140.56,0.0,0.139555
2019-11-02,9300.19083752192,,,,,,0.0,0.0
2019-11-03,9209.63869608416,,,,,,0.0,0.0
2019-11-04,9418.36013062537,200.1,84.7,142.15,26.68,138.71,0.0,0.0
2019-11-05,9330.78722296902,200.21,84.64,139.85,26.78,137.15,0.0,0.0
2019-11-06,9354.93338229106,199.76,84.69,140.45,26.78,137.98,0.0,0.0
2019-11-07,9210.74822238457,200.43,84.59,138.27,26.84,135.48,0.0,0.0
2019-11-08,8791.33393495032,201.23,84.6,137.39,26.9,134.91,0.0,0.0
2019-11-09,8810.78456195208,,,,,,0.0,0.0
2019-11-10,9042.89072320281,,,,,,0.0,0.0
2019-11-11,8713.20792957335,200.96,84.62,137.06,26.86,135.0,0.0,0.0
2019-11-12,8788.95814295734,201.54,84.63,137.43,26.9,135.62,0.0,0.0
2019-11-13,8766.72943050848,201.59,84.67,137.98,26.89,136.5,0.0,0.0
2019-11-14,8645.43580362361,201.43,84.75,138.56,26.87,137.91,0.0,0.0
2019-11-15,8465.87788854471,202.91,84.72,138.21,26.81,137.76,0.0,0.0
2019-11-16,8477.69024284044,,,,,,0.0,0.0
2019-11-17,8505.16122326125,,,,,,0.0,0.0
2019-11-18,8183.53341350088,203.07,84.76,138.62,26.76,138.01,0.0,0.0
2019-11-19,8116.82067258913,203.37,84.75,138.69,26.79,139.16,0.0,0.0
2019-11-20,8076.55466008182,202.15,84.79,138.76,26.79,140.6,0.0,0.0
2019-11-21,7612.2774880187,201.7,84.75,138.0,26.83,139.72,0.0,0.0
2019-11-22,7277.52427323203,201.83,84.735,137.74,26.91,139.9,0.0,0.0
2019-11-23,7324.83617855056,,,,,,0.0,0.0
2019-11-24,6943.38065604909,,,,,,0.0,0.0
2019-11-25,7139.04468597312,204.22,84.75,137.08,26.93,140.31,0.0,0.0
2019-11-26,7165.43773027469,204.61,84.79,137.74,26.9,141.13,0.0,0.0
2019-11-27,7526.86381654004,206.04,84.74,137.01,26.94,140.72,0.0,0.0
2019-11-28,7436.3363817066,,,,,,0.0,0.0
2019-11-29,7747.73804208066,205.1,84.77,137.86,26.91,140.42,0.0,0.0
2019-11-30,7556.19372121567,,,,,,0.0,0.0
2019-12-01,7417.72720601987,,,,,,0.0,0.0
2019-12-02,7318.31252180012,203.0,84.61,137.79,26.8,138.31,0.0,0.134135
2019-12-03,7306.44623331385,201.41,84.73,139.11,26.77,141.21,0.0,0.0
2019-12-04,7215.02034482759,202.43,84.69,138.92,26.74,139.8,0.0,0.0
2019-12-05,7404.0867949737,202.83,84.65,139.0,26.68,139.12,0.0,0.0
2019-12-06,7534.2083559322,205.0,84.62,137.62,26.78,138.35,0.0,0.0
2019-12-07,7512.06140263004,,,,,,0.0,0.0
2019-12-08,7528.94026943308,,,,,,0.0,0.0
2019-12-09,7340.22745908825,204.07,84.62,137.58,26.75,138.65,0.0,0.0
2019-12-10,7232.09178375219,203.9,84.58,137.97,26.72,138.66,0.0,0.0
2019-12-11,7200.46444599649,204.98,84.65,138.92,26.62,139.75,0.0,0.0
2019-12-12,7192.84902425482,206.51,84.57,138.43,26.66,137.45,0.0,0.0
2019-12-13,7244.90372004676,207.19,84.67,139.05,26.66,139.04,0.0,0.0
2019-12-14,7071.10709029807,,,,,,0.0,0.0
2019-12-15,7111.28666995909,,,,,,0.0,0.0
2019-12-16,6882.39579532437,209.27,84.62,139.04,26.61,137.79,0.0,0.0
2019-12-17,6608.96197983635,209.39,84.64,139.01,26.66,137.6,0.0,0.0
2019-12-18,7284.6254836353,209.55,84.65,139.02,26.71,136.47,0.0,0.0
2019-12-19,7146.16763763881,210.86,84.53,139.38,26.71,136.47,0.0,0.136532
2019-12-20,7184.21917206312,211.71,84.53,139.52,26.8,136.65,0.0,0.0
2019-12-21,7140.29801127995,,,,,,0.0,0.0
2019-12-22,7479.40240789012,,,,,,0.0,0.0
2019-12-23,7321.7487238457,211.81,84.51,139.95,26.26,136.45,0.45765,0.0
2019-12-24,7235.62908381064,211.92,84.52,141.27,26.26,136.84,0.0,0.0
2019-12-25,7191.17416569258,,,,,,0.0,0.0
2019-12-26,7194.63975832846,213.79,84.55,142.38,26.22,137.17,0.0,0.0
2019-12-27,7237.15044728229,213.61,84.61,142.33,26.09,137.32,0.0,0.0
2019-12-28,7306.64330829924,,,,,,0.0,0.0
2019-12-29,7391.578521391,,,,,,0.0,0.0
2019-12-30,7229.3971006429,212.21,84.64,142.63,26.04,136.82,0.0,0.0
2019-12-31,7167.39505464641,212.61,84.63,142.9,25.97,135.48,0.0,0.0
2020-01-01,7170.63186879018,,,,,,0.0,0.0
2020-01-02,6946.82526914085,216.16,84.67,143.95,26.06,137.015,0.0,0.0
2020-01-03,7315.3093603156,214.18,84.74,145.86,26.09,139.12,0.0,0.0
2020-01-04,7343.16419438925,,,,,,0.0,0.0
2020-01-05,7345.53069181765,,,,,,0.0,0.0
2020-01-06,7765.7977346581,215.56,84.71,147.39,26.03,138.33,0.0,0.0
2020-01-07,8136.08684190532,215.53,84.71,147.97,26.12,137.645,0.0,0.0
2020-01-08,8059.69952887201,217.15,84.67,146.86,26.19,136.74,0.0,0.0
2020-01-09,7817.13609322034,218.99,84.68,146.03,26.24,137.22,0.0,0.0
2020-01-10,8129.81791992987,218.43,84.7,146.91,26.22,138.44,0.0,0.0
2020-01-11,8032.00549503215,,,,,,0.0,0.0
2020-01-12,8164.54999316189,,,,,,0.0,0.0
2020-01-13,8121.92566762127,220.95,84.69,145.82,26.22,138.02,0.0,0.0
2020-01-14,8830.16787346581,220.08,84.7,145.69,26.23,138.73,0.0,0.0
2020-01-15,8811.44820251315,220.17,84.74,146.54,26.19,139.65,0.0,0.0
2020-01-16,8718.68699801286,222.28,84.74,146.31,26.23,139.21,0.0,0.0
2020-01-17,8912.54190414962,223.38,84.77,146.58,26.32,138.02,0.0,0.0
2020-01-18,8928.1807565751,,,,,,0.0,0.0
2020-01-19,8687.35483664524,,,,,,0.0,0.0
2020-01-20,8636.2587862069,,,,,,0.0,0.0
2020-01-21,8730.86756019871,223.28,84.79,146.74,26.3,139.47,0.0,0.0
2020-01-22,8647.90047399182,223.87,84.805,146.79,26.28,139.96,0.0,0.0
2020-01-23,8366.38461396844,224.59,84.84,147.12,26.35,140.94,0.0,0.0
2020-01-24,8423.39095815313,222.7,84.87,147.98,26.39,142.08,0.0,0.0
2020-01-25,8344.77456896552,,,,,,0.0,0.0
2020-01-26,8573.87480958504,,,,,,0.0,0.0
2020-01-27,8901.95928486265,218.1,84.96,148.99,26.43,144.29,0.0,0.0
2020-01-28,9297.3883176505,221.45,84.92,147.66,26.43,143.16,0.0,0.0
2020-01-29,9311.94754354179,221.81,85.0,148.46,26.47,144.56,0.0,0.0
2020-01-30,9508.92096493279,222.6,85.01,148.47,26.39,144.58,0.0,0.0
2020-01-31,9357.28478240795,219.07,85.12,149.33,26.28,145.9,0.0,0.0
2020-02-01,9381.88602863822,,,,,,0.0,0.0
2020-02-02,9339.38706312098,,,,,,0.0,0.0
2020-02-03,9279.81252051432,222.38,84.96,148.36,26.41,145.54,0.0,0.134865
2020-02-04,9161.62719772063,227.47,84.87,146.43,26.45,143.58,0.0,0.0
2020-02-05,9628.13677586207,228.22,84.81,146.61,26.55,142.01,0.0,0.0
2020-02-06,9739.2804364699,230.19,84.83,147.4,26.6,142.65,0.0,0.0
2020-02-07,9800.27939982466,229.2,84.88,147.79,26.66,144.43,0.0,0.0
2020-02-08,9911.29340841613,,,,,,0.0,0.0
2020-02-09,10151.0832026885,,,,,,0.0,0.0
2020-02-10,9872.36187305669,231.97,84.92,148.17,26.7,144.83,0.0,0.0
2020-02-11,10272.2225558738,232.01,84.88,147.66,26.67,144.1,0.0,0.0
2020-02-12,10360.1352229106,234.27,84.84,147.54,26.74,143.37,0.0,0.0
2020-02-13,10235.4973226184,233.97,84.86,148.38,26.77,143.92,0.0,0.0
2020-02-14,10361.6156901812,234.64,84.895,149.0,26.76,144.55,0.0,0.0
2020-02-15,9911.72432700175,,,,,,0.0,0.0
2020-02-16,9952.04661157218,,,,,,0.0,0.0
2020-02-17,9683.0796277031,,,,,,0.0,0.0
2020-02-18,10195.3037904734,234.73,84.93,150.91,26.86,145.54,0.0,0.0
2020-02-19,9636.00229865576,236.98,84.94,151.79,26.91,145.53,0.0,0.0
2020-02-20,9614.03012244302,234.78,84.96,152.41,26.99,146.67,0.0,0.0
2020-02-21,9701.79750268849,230.27,85.03,154.7,26.83,148.04,0.0,0.0
2020-02-22,9675.24905756868,,,,,,0.0,0.0
2020-02-23,9972.84242308591,,,,,,0.0,0.0
2020-02-24,9648.00788310929,221.39,85.17,156.09,26.84,150.25,0.0,0.0
2020-02-25,9344.28714009351,215.37,85.26,153.3,26.76,151.05,0.0,0.0
2020-02-26,8798.88894856809,216.48,85.32,153.97,26.78,150.25,0.0,0.0
2020-02-27,8779.02948188194,205.64,85.42,154.0,26.62,151.88,0.0,0.0
2020-02-28,8750.59344599649,205.8,85.73,148.38,26.53,155.31,0.0,0.0
2020-02-29,8582.09029964933,,,,,,0.0,0.0
2020-03-01,8541.77389392169,,,,,,0.0,0.0
2020-03-02,8906.21475645821,216.42,85.57,149.2,26.39,153.94,0.0,0.124966
2020-03-03,8768.81061420222,209.48,85.905,153.89,26.28,156.33,0.0,0.0
2020-03-04,8756.36957218001,218.22,85.92,154.16,26.37,154.67,0.0,0.0
2020-03-05,9062.61580274693,211.59,86.1,157.49,26.17,158.52,0.0,0.0
2020-03-06,9147.08505897136,208.02,86.2,157.55,26.02,166.77,0.0,0.0
2020-03-07,8898.30695675044,,,,,,0.0,0.0
2020-03-08,8109.61454114553,,,,,,0.0,0.0
2020-03-09,7896.38531987142,193.57,86.67,157.81,25.74,171.29,0.0,0.0
2020-03-10,7909.92787545295,204.11,86.29,154.48,26.12,162.51,0.0,0.0
2020-03-11,7939.34133477499,195.22,86.19,153.93,26.16,156.53,0.0,0.0
2020-03-12,4959.31341437756,177.32,86.17,147.79,26.44,157.5,0.0,0.0
2020-03-13,5627.69238836938,192.34,86.28,143.28,27.44,153.94,0.0,0.0
2020-03-14,5145.17250642899,,,,,,0.0,0.0
2020-03-15,5358.61066335476,,,,,,0.0,0.0
2020-03-16,5012.92738778492,169.3,86.42,141.64,26.56,163.91,0.0,0.0
2020-03-17,5416.7547106955,182.14,86.22,143.56,27.03,152.98,0.0,0.0
2020-03-18,5392.48783594389,176.6,86.11,140.7,27.44,144.35,0.0,0.0
2020-03-19,6203.5516320865,177.66,86.26,138.04,28.09,148.28,0.0,0.0
2020-03-20,6174.14947603741,170.7,86.49,140.11,28.01,159.43,0.0,0.0
2020-03-21,6175.83102220924,,,,,,0.0,0.0
2020-03-22,5830.56097960257,,,,,,0.0,0.0
2020-03-23,6486.40865733489,170.46,86.59,146.3,27.97,166.0,0.36269,0.0
2020-03-24,6775.05761893629,183.66,86.47,153.4,27.65,162.91,0.0,0.0
2020-03-25,6689.96901285798,182.3,86.57,151.3,27.39,162.54,0.0,0.0
2020-03-26,6754.46033606078,191.9,86.67,153.24,26.95,163.34,0.0,0.0
2020-03-27,6490.79541502046,185.3,86.65,152.25,26.73,167.7,0.0,0.0
2020-03-28,6231.81989023963,,,,,,0.0,0.0
2020-03-29,5904.85758679135,,,,,,0.0,0.0
2020-03-30,6436.90570017534,192.04,86.69,152.92,26.85,166.32,0.0,0.0
2020-03-31,6432.3832421391,190.4,86.67,148.05,26.83,164.97,0.0,0.0
2020-04-01,6643.11000870836,182.31,86.62,149.45,27.0,167.04,0.0,0.106006
2020-04-02,6792.74222209234,186.01,86.64,151.9,27.14,168.1,0.0,0.0
2020-04-03,6751.90255178258,183.37,86.62,152.65,27.29,168.5,0.0,0.0
2020-04-04,6859.98916867329,,,,,,0.0,0.0
2020-04-05,6790.81247264758,,,,,,0.0,0.0
2020-04-06,7298.17374517826,196.48,86.56,156.88,27.3,168.06,0.0,0.0
2020-04-07,7187.59333664524,196.4,86.54,156.04,27.05,166.3,0.0,0.0
2020-04-08,7372.19476399766,200.57,86.59,154.65,27.15,165.09,0.0,0.0
2020-04-09,7299.57918790181,200.86,86.62,158.69,26.95,165.39,0.0,0.0
2020-04-10,6859.82267475161,,,,,,0.0,0.0
2020-04-11,6883.18222895967,,,,,,0.0,0.0
2020-04-12,6978.66628661601,,,,,,0.0,0.0
2020-04-13,6863.57553319696,203.03,86.63,161.41,26.91,163.88,0.0,0.0
2020-04-14,6875.53850344828,211.86,86.625,162.68,26.76,163.84,0.0,0.0
2020-04-15,6625.47577510228,209.43,86.66,161.85,26.96,168.18,0.0,0.0
2020-04-16,7127.79228223261,213.25,86.68,161.71,27.08,170.09,0.0,0.0
2020-04-17,7081.39519842197,215.29,86.65,158.57,27.01,167.81,0.0,0.0
2020-04-18,7262.79234360023,,,,,,0.0,0.0
2020-04-19,7150.2442154588,,,,,,0.0,0.0
2020-04-20,6853.27341478667,212.74,86.65,159.7,27.1,169.16,0.0,0.0
2020-04-21,6870.42369865576,204.89,86.67,158.61,27.14,171.29,0.0,0.0
2020-04-22,7123.65691992987,210.97,86.64,161.73,27.22,169.54,0.0,0.0
2020-04-23,7488.60516528346,210.52,86.63,163.34,27.23,170.44,0.0,0.0
2020-04-24,7506.44331648159,213.84,86.63,162.64,27.17,170.84,0.0,0.0
2020-04-25,7537.73820911748,,,,,,0.0,0.0
2020-04-26,7684.06852168322,,,,,,0.0,0.0
2020-04-27,7777.49151858562,215.56,86.63,161.56,27.1,167.66,0.0,0.0
2020-04-28,7769.89969842197,211.5,86.66,160.84,27.07,169.59,0.0,0.0
2020-04-29,8761.83716954997,219.0,86.65,161.73,26.96,168.71,0.0,0.0
2020-04-30,8652.4109912332,218.91,86.8,158.8,26.79,166.74,0.0,0.0
2020-05-01,8855.53525827002,212.74,86.6,159.78,26.82,167.95,0.0,0.072362
2020-05-02,8977.28170537697,,,,,,0.0,0.0
2020-05-03,8896.7956383986,,,,,,0.0,0.0
2020-05-04,8881.95430450029,215.22,86.6,160.34,26.97,167.16,0.0,0.0
2020-05-05,8985.8795993571,217.66,86.59,161.02,26.99,166.09,0.0,0.0
2020-05-06,9266.8130730567,219.0,86.62,158.95,27.12,163.41,0.0,0.0
2020-05-07,9993.75317685564,221.82,86.68,161.39,27.04,166.14,0.0,0.0
2020-05-08,9859.32360461718,224.86,86.66,160.42,27.03,163.98,0.0,0.0
2020-05-09,9577.33892238457,,,,,,0.0,0.0
2020-05-10,8715.03329322034,,,,,,0.0,0.0
2020-05-11,8591.65288433665,226.87,86.63,159.42,27.13,162.7,0.0,0.0
2020-05-12,8817.25068112215,222.12,86.65,160.04,27.08,164.37,0.0,0.0
2020-05-13,9322.99720204559,219.34,86.65,161.58,27.13,165.52,0.0,0.0
2020-05-14,9801.26948772647,221.83,86.63,163.01,27.16,167.14,0.0,0.0
2020-05-15,9326.87585891292,223.27,86.68,163.93,27.18,166.71,0.0,0.0
2020-05-16,9395.4753893045,,,,,,0.0,0.0
2020-05-17,9682.5324811806,,,,,,0.0,0.0
2020-05-18,9726.85002209235,227.43,86.61,162.69,26.96,163.05,0.0,0.0
2020-05-19,9754.20146201052,226.86,86.66,164.26,26.94,163.66,0.0,0.0
2020-05-20,9515.702550263,231.39,86.66,164.65,26.85,164.15,0.0,0.0
2020-05-21,9068.80122933957,228.87,86.64,162.25,26.91,164.56,0.0,0.0
2020-05-22,9161.81503389831,229.66,86.64,163.21,26.99,165.55,0.0,0.0
2020-05-23,9183.66212507305,,,,,,0.0,0.0
2020-05-24,8806.23065715956,,,,,,0.0,0.0
2020-05-25,8909.19258153127,,,,,,0.0,0.0
2020-05-26,8835.13725336061,229.04,86.64,160.89,26.79,163.33,0.0,0.0
2020-05-27,9169.05743921683,230.29,86.62,161.18,26.78,163.03,0.0,0.0
2020-05-28,9568.26185300994,229.99,86.66,161.72,26.64,162.43,0.0,0.0
2020-05-29,9432.41333343074,233.36,86.66,162.91,26.6,163.59,0.0,0.0
2020-05-30,9691.68049117475,,,,,,0.0,0.0
2020-05-31,9433.94384663939,,,,,,0.0,0.0
2020-06-01,10199.1350542373,234.06,86.58,163.66,26.45,162.28,0.0,0.07006
2020-06-02,9512.34653302163,235.63,86.58,162.6,26.42,161.69,0.0,0.0
2020-06-03,9642.27340035067,236.69,86.51,159.6,26.26,159.54,0.0,0.0
2020-06-04,9813.36067913501,235.03,86.53,161.28,26.16,157.23,0.0,0.0
2020-06-05,9641.8916225599,239.69,86.5,158.01,26.21,156.11,0.0,0.0
2020-06-06,9668.67053857393,,,,,,0.0,0.0
2020-06-07,9747.58011104617,,,,,,0.0,0.0
2020-06-08,9769.34236148451,241.55,86.48,159.72,26.14,156.71,0.0,0.0
2020-06-09,9779.42216566335,243.3,86.51,161.26,26.06,158.49,0.0,0.0
2020-06-10,9888.44417469316,246.22,86.56,163.57,25.93,160.84,0.0,0.0
2020-06-11,9277.45116931619,234.02,86.52,162.39,26.19,163.88,0.0,0.0
2020-06-12,9456.16153331385,235.88,86.55,162.62,26.26,162.3,0.0,0.0
2020-06-13,9461.33379865576,,,,,,0.0,0.0
2020-06-14,9342.955635301,,,,,,0.0,0.0
2020-06-15,9441.38321127995,238.75,86.53,162.33,26.15,162.39,0.0,0.0
2020-06-16,9520.09194827586,242.85,86.52,162.25,26.23,159.9,0.0,0.0
2020-06-17,9448.69356060783,243.62,86.55,162.56,26.25,160.56,0.0,0.0
2020-06-18,9389.99076639392,244.28,86.54,162.24,26.35,162.26,0.0,0.0
2020-06-19,9285.99158293396,244.24,86.56,164.03,26.38,162.39,0.0,0.0
2020-06-20,9357.29246446522,,,,,,0.0,0.0
2020-06-21,9284.76937182934,,,,,,0.0,0.0
2020-06-22,9684.62018474576,246.74,86.54,165.09,26.24,162.41,0.42426,0.0
2020-06-23,9611.72599824664,248.84,86.56,166.48,26.15,161.3,0.0,0.0
2020-06-24,9292.94354354179,243.71,86.57,165.9,26.27,163.03,0.0,0.0
2020-06-25,9247.12143249561,246.03,86.57,165.8,26.31,163.5,0.0,0.0
2020-06-26,9159.43777206312,240.22,86.6,166.54,26.35,165.25,0.0,0.0
2020-06-27,9002.16561718293,,,,,,0.0,0.0
2020-06-28,9108.06567457627,,,,,,0.0,0.0
2020-06-29,9184.24736627703,242.84,86.62,166.63,26.36,164.73,0.0,0.0
2020-06-30,9143.96758530099,247.6,86.61,167.37,26.32,163.93,0.0,0.0
2020-07-01,9241.33961239041,250.49,86.52,166.62,26.26,163.42,0.0,0.060636
2020-07-02,9094.38728679135,252.19,86.56,166.98,26.28,163.59,0.0,0.0
2020-07-03,9066.69069661017,,,,,,0.0,0.0
2020-07-04,9126.21955493863,,,,,,0.0,0.0
2020-07-05,9079.61401808884,,,,,,0.0,0.0
2020-07-06,9338.94259117475,258.39,86.53,167.98,26.14,162.92,0.0,0.0
2020-07-07,9252.15873261251,256.61,86.55,169.04,26.2,165.21,0.0,0.0
2020-07-08,9434.56795645821,259.99,86.55,170.09,26.06,164.55,0.0,0.0
2020-07-09,9231.50234751607,262.18,86.57,169.63,26.15,167.17,0.0,0.0
2020-07-10,9285.22101542957,263.97,86.54,169.19,26.11,166.33,0.0,0.0
2020-07-11,9237.17100818235,,,,,,0.0,0.0
2020-07-12,9289.09797691408,,,,,,0.0,0.0
2020-07-13,9236.62250116891,258.54,86.54,169.4,26.07,166.88,0.0,0.0
2020-07-14,9260.3569868498,260.37,86.55,170.19,26.02,167.12,0.0,0.0
2020-07-15,9196.72555897136,260.9,86.56,170.34,25.95,166.34,0.0,0.0
2020-07-16,9132.59231209818,259.12,86.56,168.73,26.04,167.13,0.0,0.0
2020-07-17,9156.46870976037,259.42,86.58,170.12,25.93,166.78,0.0,0.0
2020-07-18,9175.90530859147,,,,,,0.0,0.0
2020-07-19,9218.84231081239,,,,,,0.0,0.0
2020-07-20,9167.19056750439,266.78,86.56,170.94,25.89,167.19,0.0,0.0
2020-07-21,9388.57434979544,264.0,86.58,173.0,25.73,167.29,0.0,0.0
2020-07-22,9531.2574301578,264.93,86.57,175.63,25.66,167.79,0.0,0.0
2020-07-23,9609.16671537113,258.01,86.57,177.18,25.61,169.75,0.0,0.0
2020-07-24,9548.1007270602,255.56,86.58,178.7,25.5,169.74,0.0,0.0
2020-07-25,9702.45279047341,,,,,,0.0,0.0
2020-07-26,9933.90655423729,,,,,,0.0,0.0
2020-07-27,11046.5083295149,260.12,86.55,182.23,25.31,169.11,0.0,0.0
2020-07-28,10944.6129789012,256.81,86.57,183.75,25.35,170.28,0.0,0.0
2020-07-29,11115.7712819988,259.77,86.59,185.13,25.23,169.99,0.0,0.0
2020-07-30,11135.3907261835,261.13,86.62,183.76,25.13,171.11,0.0,0.0
2020-07-31,11338.1973407949,265.79,86.63,185.43,25.28,171.0,0.0,0.0
2020-08-01,11797.5821265342,,,,,,0.0,0.0
2020-08-02,11094.0206841321,,,,,,0.0,0.0
2020-08-03,11236.0956805377,269.38,86.58,185.64,25.28,169.95,0.0,0.050443
2020-08-04,11202.651909059,270.38,86.59,189.59,25.19,171.57,0.0,0.0
2020-08-05,11721.4384715956,271.05,86.57,191.35,25.08,170.07,0.0,0.0
2020-08-06,11769.3091081239,274.64,86.57,193.89,25.08,171.02,0.0,0.0
2020-08-07,11598.9690585038,271.47,86.56,190.81,25.23,169.88,0.0,0.0
2020-08-08,11743.0086350088,,,,,,0.0,0.0
2020-08-09,11680.5173661601,,,,,,0.0,0.0
2020-08-10,11870.3695447107,270.31,86.54,190.15,25.27,169.12,0.0,0.0
2020-08-11,11392.6440884278,265.19,86.52,179.94,25.31,167.105,0.0,0.0
2020-08-12,11575.5124736996,271.86,86.5,179.1,25.23,165.59,0.0,0.0
2020-08-13,11773.4481155465,272.48,86.49,183.33,25.22,163.82,0.0,0.0
2020-08-14,11774.4082518995,272.16,86.5,182.54,25.18,163.18,0.0,0.0
2020-08-15,11866.9103613092,,,,,,0.0,0.0
2020-08-16,11899.6427535944,,,,,,0.0,0.0
2020-08-17,12315.7624166569,275.32,86.51,186.5,25.07,163.59,0.0,0.0
2020-08-18,11992.6959962595,277.97,86.52,188.18,24.93,164.76,0.0,0.0
2020-08-19,11736.8490645237,276.1,86.52,182.24,25.13,163.73,0.0,0.0
2020-08-20,11867.5203439509,279.93,86.52,183.5,25.06,165.21,0.0,0.0
2020-08-21,11524.6989491525,281.87,86.51,182.03,25.18,166.2,0.0,0.0
2020-08-22,11682.2891503799,,,,,,0.0,0.0
2020-08-23,11665.6092735243,,,,,,0.0,0.0
2020-08-24,11771.4080537405,283.63,86.5,181.0,25.22,165.93,0.0,0.0
2020-08-25,11358.4543202805,285.86,86.51,181.22,25.13,164.66,0.0,0.0
2020-08-26,11472.0491204559,291.96,86.51,183.36,25.1,164.03,0.0,0.0
2020-08-27,11314.6737410286,291.05,86.5,181.24,25.13,161.24,0.0,0.0
2020-08-28,11527.8830322326,292.53,86.53,184.39,24.93,161.12,0.0,0.0
2020-08-29,11490.7623477499,,,,,,0.0,0.0
2020-08-30,11698.9758329632,,,,,,0.0,0.0
2020-08-31,11678.3482268849,294.88,86.56,184.83,24.9,162.19,0.0,0.0
2020-09-01,11970.364856166,299.92,86.49,185.05,24.95,163.86,0.0,0.049132
2020-09-02,11414.5209336645,302.76,86.5,182.62,25.04,165.42,0.0,0.0
2020-09-03,10261.4944095266,287.41,86.49,181.14,25.05,165.89,0.0,0.0
2020-09-04,10471.9664133255,283.58,86.46,181.64,25.09,162.74,0.0,0.0
2020-09-05,10128.64358609,,,,,,0.0,0.0
2020-09-06,10253.2998980129,,,,,,0.0,0.0
2020-09-07,10367.8783543542,,,,,,0.0,0.0
2020-09-08,10108.6354501461,269.95,86.47,181.29,25.22,163.74,0.0,0.0
2020-09-09,10223.1114091175,277.88,86.48,183.05,25.18,163.3,0.0,0.0
2020-09-10,10334.6307302162,272.34,86.47,182.46,25.23,164.13,0.0,0.0
2020-09-11,10387.0207419638,270.45,86.49,182.45,25.18,164.48,0.0,0.0
2020-09-12,10436.9778322618,,,,,,0.0,0.0
2020-09-13,10322.5236148451,,,,,,0.0,0.0
2020-09-14,10662.719912332,275.16,86.48,183.89,25.12,164.47,0.0,0.0
2020-09-15,10779.3810249562,279.06,86.485,183.45,25.14,164.07,0.0,0.0
2020-09-16,10968.3205465809,274.61,86.5,183.97,25.17,163.58,0.0,0.0
2020-09-17,10936.2927505552,270.32,86.48,182.96,25.08,164.08,0.0,0.0
2020-09-18,10920.1128439509,266.87,86.49,183.2,25.11,163.57,0.0,0.0
2020-09-19,11073.7795478083,,,,,,0.0,0.0
2020-09-20,10921.2180998247,,,,,,0.0,0.0
2020-09-21,10455.3799623027,267.51,86.48,179.52,25.29,164.4,0.38824,0.0
2020-09-22,10519.8391641146,272.48,86.5,178.65,25.38,164.27,0.0,0.0
2020-09-23,10233.2995687317,264.16,86.5,174.79,25.52,164.49,0.0,0.0
2020-09-24,10739.0427094097,265.39,86.49,175.44,25.48,165.12,0.0,0.0
2020-09-25,10683.6305806546,271.56,86.5,174.94,25.55,165.12,0.0,0.0
2020-09-26,10742.0304202221,,,,,,0.0,0.0
2020-09-27,10758.8242899474,,,,,,0.0,0.0
2020-09-28,10727.3750541204,277.2,86.51,176.7,25.47,164.65,0.0,0.0
2020-09-29,10841.1427444769,275.95,86.5,178.19,25.35,164.84,0.0,0.0
2020-09-30,10772.351766803,277.84,86.51,177.12,25.35,163.26,0.0,0.0
2020-10-01,10606.6173325541,282.25,86.45,178.7,25.31,163.36,0.0,0.040048
2020-10-02,10570.1056777908,274.31,86.46,178.54,25.37,162.75,0.0,0.0
2020-10-03,10555.7054339567,,,,,,0.0,0.0
2020-10-04,10665.618622443,,,,,,0.0,0.0
2020-10-05,10772.6355995909,280.16,86.43,179.41,25.26,159.57,0.0,0.0
2020-10-06,10596.3735493863,275.16,86.43,177.3,25.33,160.43,0.0,0.0
2020-10-07,10667.1943941555,279.92,86.42,177.22,25.3,159.26,0.0,0.0
2020-10-08,10902.5293637054,281.41,86.42,177.85,25.29,160.12,0.0,0.0
2020-10-09,11074.1036797779,285.71,86.42,181.08,25.14,160.09,0.0,0.0
2020-10-10,11302.8542864407,,,,,,0.0,0.0
2020-10-11,11378.2625284629,,,,,,0.0,0.0
2020-10-12,11548.401556692,294.53,86.44,180.56,25.11,160.6,0.0,0.0
2020-10-13,11434.9687849211,294.52,86.43,177.72,25.26,161.75,0.0,0.0
2020-10-14,11417.10811391,292.06,86.43,178.27,25.2,162.12,0.0,0.0
2020-10-15,11502.5812390415,290.1,86.45,178.92,25.32,161.84,0.0,0.0
2020-10-16,11338.9871765634,288.51,86.44,178.3,25.29,161.39,0.0,0.0
2020-10-17,11362.8022174167,,,,,,0.0,0.0
2020-10-18,11489.6225650497,,,,,,0.0,0.0
2020-10-19,11745.8119675628,283.8,86.44,178.39,25.21,160.78,0.0,0.0
2020-10-20,11929.4572507306,284.41,86.43,179.25,25.13,159.25,0.0,0.0
2020-10-21,12848.4906177674,284.19,86.43,180.6,25.0,158.7,0.0,0.0
2020-10-22,12997.4993417884,284.18,86.4,178.83,25.1,157.05,0.0,0.0
2020-10-23,12953.4296969608,284.74,86.41,178.64,25.04,158.01,0.0,0.0
2020-10-24,13113.8669231444,,,,,,0.0,0.0
2020-10-25,13041.6410374635,,,,,,0.0,0.0
2020-10-26,13080.6561698422,280.47,86.42,178.55,25.13,159.48,0.0,0.0
2020-10-27,13675.5239275278,282.66,86.42,179.02,25.08,160.55,0.0,0.0
2020-10-28,13290.3288497954,271.64,86.42,176.13,25.24,160.7,0.0,0.0
2020-10-29,13475.2173007013,276.39,86.44,175.4,25.34,159.14,0.0,0.0
2020-10-30,13603.2960908825,269.38,86.43,176.2,25.37,157.57,0.0,0.0
2020-10-31,13807.2336110462,,,,,,0.0,0.0
2020-11-01,13736.89941128,,,,,,0.0,0.0
2020-11-02,13595.5647603741,269.98,86.39,177.91,25.4,158.58,0.0,0.038605
2020-11-03,13996.915398597312,274.65,86.37,178.92,25.26,157.66,0.0,0.0
2020-11-04,14129.148195499703,286.91,86.39,178.82,25.22,161.08,0.0,0.0
2020-11-05,15606.46683372297,294.39,86.37,182.93,24.98,161.36,0.0,0.0
2020-11-06,15618.972471361778,294.61,86.38,183.19,24.89,159.41,0.0,0.0
2020-11-07,14866.356304500296,,,,,,0.0,0.0
2020-11-08,15500.000707188785,,,,,,0.0,0.0
2020-11-09,15319.819972530682,288.59,86.35,175.08,25.05,156.06,0.0,0.0
2020-11-10,15319.27567621274,283.42,86.34,175.66,25.05,155.16,0.0,0.0
2020-11-11,15731.241105786092,289.76,86.32,174.9,25.08,155.72,0.0,0.0
2020-11-12,16289.814897720637,288.4,86.33,175.96,25.08,158.37,0.0,0.0
2020-11-13,16330.06276797195,290.93,86.33,177.16,25.03,158.16,0.0,0.0
2020-11-14,16102.010016949156,,,,,,0.0,0.0
2020-11-15,15986.7549905903,,,,,,0.0,0.0
2020-11-16,16743.05393980129,293.2,86.35,177.15,24.97,157.78,0.0,0.0
2020-11-17,17682.16918702513,292.27,86.34,176.5,24.93,158.81,0.0,0.0
2020-11-18,17804.690023962594,290.11,86.34,175.49,24.94,159.27,0.0,0.0
2020-11-19,17818.668662185857,292.38,86.36,175.16,24.9,160.09,0.0,0.0
2020-11-20,18663.78185312683,290.38,86.37,175.69,24.93,161.51,0.0,0.0
2020-11-21,18706.58933541788,,,,,,0.0,0.0
2020-11-22,18482.692631735823,,,,,,0.0,0.0
2020-11-23,18373.2577597896,290.39,86.37,172.23,24.97,160.77,0.0,0.0
2020-11-24,19150.251048509646,294.47,86.38,169.59,24.85,159.17,0.0,0.0
2020-11-25,18748.39371303331,296.28,86.39,169.51,24.81,158.68,0.0,0.0
2020-11-26,17113.716871420223,,,,,,0.0,0.0
2020-11-27,17101.603018059614,299.01,86.39,167.79,24.76,160.22,0.0,0.0
2020-11-28,17745.377312448858,,,,,,0.0,0.0
2020-11-29,18190.866880420806,,,,,,0.0,0.0
2020-11-30,19664.407606662764,299.62,86.41,166.67,24.82,160.02,0.0,0.0
2020-12-01,18820.60778959673,303.46,86.33,170.18,24.6,157.5,0.0,0.032872
2020-12-02,19214.872229047334,303.85,86.35,171.46,24.57,156.25,0.0,0.0
2020-12-03,19470.31120806546,304.28,86.37,172.81,24.44,157.51,0.0,0.0
2020-12-04,18732.967090999413,305.52,86.36,172.32,24.47,155.2,0.0,0.0
2020-12-05,19114.633130917588,,,,,,0.0,0.0
2020-12-06,19356.313676797196,,,,,,0.0,0.0
2020-12-07,19182.176832846293,307.25,86.38,174.89,24.51,156.6,0.0,0.0
2020-12-08,18340.97813769725,308.29,86.36,175.5,24.54,157.34,0.0,0.0
2020-12-09,18574.69673524255,301.31,86.35,172.5,24.55,156.82,0.0,0.0
2020-12-10,18294.84695149036,302.52,86.37,172.17,24.48,158.21,0.0,0.0
2020-12-11,18061.760025716,301.85,86.42,172.49,24.54,158.77,0.0,0.0
2020-12-12,18813.2837685564,,,,,,0.0,0.0
2020-12-13,19156.0825055523,,,,,,0.0,0.0
2020-12-14,19286.7512992402,304.04,86.41,171.54,24.47,158.33,0.0,0.0
2020-12-15,19432.5884640561,307.29,86.41,173.94,24.39,157.8,0.0,0.0
2020-12-16,21370.7203186441,308.98,86.41,174.9,24.36,157.38,0.0,0.0
2020-12-17,22789.2674160725,311.0,86.38,176.74,24.23,156.8,0.0,0.03197
2020-12-18,23048.7645610754,310.06,86.37,176.44,24.26,156.33,0.0,0.0
2020-12-19,23856.7735192285,,,,,,0.0,0.0
2020-12-20,23528.5506135593,,,,,,0.0,0.0
2020-12-21,22937.4183435418,308.92,86.37,175.88,24.31,156.95,0.56133,0.0
2020-12-22,23756.8887685564,309.76,86.37,174.49,24.44,157.76,0.0,0.0
2020-12-23,23307.2709018118,308.2,86.39,175.65,24.33,156.67,0.0,0.0
2020-12-24,23707.6330440678,309.56,86.37,176.35,24.35,157.29,0.0,0.0
2020-12-25,24669.1643220339,,,,,,0.0,0.0
2020-12-26,26478.0681052016,,,,,,0.0,0.0
2020-12-27,26430.8565971946,,,,,,0.0,0.0
2020-12-28,27039.3490199883,312.68,86.38,175.71,24.35,157.36,0.0,0.0
2020-12-29,27231.2034552893,312.96,86.38,176.35,24.27,157.16,0.0,0.0
2020-12-30,28844.6136781999,312.97,86.385,177.7,24.17,157.5,0.0,0.0
2020-12-31,29022.6714126242,313.74,86.38,178.36,24.24,157.73,0.0,0.0
2021-01-01,29380.6937327878,,,,,,0.0,0.0
2021-01-02,32022.6810578609,,,,,,0.0,0.0
2021-01-03,33277.8353050848,,,,,,0.0,0.0
2021-01-04,31802.1467136178,309.31,86.39,182.33,24.26,157.54,0.0,0.0
2021-01-05,34013.1741724138,311.86,86.39,182.87,24.12,156.37,0.0,0.0
2021-01-06,36643.2777223846,307.54,86.34,179.9,24.09,153.16,0.0,0.0
2021-01-07,39215.6511490356,314.98,86.36,179.48,24.23,151.81,0.0,0.0
2021-01-08,40775.4045634132,319.03,86.35,173.34,24.27,151.32,0.0,0.0
2021-01-09,40370.6823495032,,,,,,0.0,0.0
2021-01-10,38329.3401665693,,,,,,0.0,0.0
2021-01-11,35269.5137177089,314.42,86.34,173.0,24.42,151.07,0.0,0.0
2021-01-12,33712.4685452952,313.92,86.34,174.12,24.29,150.95,0.0,0.0
2021-01-13,37296.5475277615,316.04,86.33,173.37,24.37,152.65,0.0,0.0
2021-01-14,39045.518340152,314.35,86.34,173.28,24.32,151.22,0.0,0.0
2021-01-15,36710.3174248977,311.86,86.35,171.13,24.48,151.82,0.0,0.0
2021-01-16,36177.2610970193,,,,,,0.0,0.0
2021-01-17,36069.939466803,,,,,,0.0,0.0
2021-01-18,36594.2964018118,,,,,,0.0,0.0
2021-01-19,36250.1461893629,316.41,86.38,172.58,24.41,152.31,0.0,0.0
2021-01-20,35515.480012858,323.77,86.37,175.39,24.4,152.46,0.0,0.0
2021-01-21,31022.9510280538,326.36,86.38,175.28,24.29,151.39,0.0,0.0
2021-01-22,32986.4357568673,325.42,86.38,173.9,24.34,151.88,0.0,0.0
2021-01-23,32036.2822723553,,,,,,0.0,0.0
2021-01-24,32216.1042904734,,,,,,0.0,0.0
2021-01-25,32419.7059462303,328.11,86.39,174.05,24.37,153.67,0.0,0.0
2021-01-26,32640.6391426067,328.59,86.38,173.62,24.3,153.38,0.0,0.0
2021-01-27,30358.9347235535,319.43,86.38,172.52,24.45,153.77,0.0,0.0
2021-01-28,33511.287595149,321.32,86.37,172.68,24.39,152.92,0.0,0.0
2021-01-29,34166.1494259497,314.56,86.4,172.61,24.42,152.0,0.0,0.0
2021-01-30,34349.9170952659,,,,,,0.0,0.0
2021-01-31,33157.8325745178,,,,,,0.0,0.0
2021-02-01,33570.2718468732,322.42,86.38,174.23,24.54,152.0,0.0,0.030107
2021-02-02,35596.1489094097,327.68,86.35,172.11,24.57,151.02,0.0,0.0
2021-02-03,37578.3732068966,326.38,86.36,171.85,24.56,149.68,0.0,0.0
2021-02-04,37129.2029376972,330.24,86.36,168.15,24.67,149.28,0.0,0.0
2021-02-05,38045.4136084161,331.36,86.38,169.81,24.53,148.03,0.0,0.0
2021-02-06,39341.727081239,,,,,,0.0,0.0
2021-02-07,39003.0121817651,,,,,,0.0,0.0
2021-02-08,46121.9340724722,333.58,86.37,171.52,24.52,148.68,0.0,0.0
2021-02-09,46548.1619912332,333.51,86.35,172.08,24.39,148.79,0.0,0.0
2021-02-10,45078.128350263,332.75,86.36,172.71,24.38,149.78,0.0,0.0
2021-02-11,47892.8409181765,334.58,86.36,171.21,24.37,148.96,0.0,0.0
2021-02-12,47525.2091431911,336.45,86.37,170.69,24.39,147.11,0.0,0.0
2021-02-13,47208.6250270602,,,,,,0.0,0.0
2021-02-14,48829.8275096435,,,,,,0.0,0.0
2021-02-15,48110.2417334892,,,,,,0.0,0.0
2021-02-16,49140.3826578024,335.54,86.34,168.24,24.39,144.87,0.0,0.0
2021-02-17,52224.9391139684,333.93,86.36,166.33,24.49,145.79,0.0,0.0
2021-02-18,51650.0699485681,332.47,86.36,166.32,24.41,145.2,0.0,0.0
2021-02-19,55820.5044038574,331.02,86.37,167.01,24.35,143.27,0.0,0.0
2021-02-20,55861.8205670953,,,,,,0.0,0.0
2021-02-21,57500.7161102864,,,,,,0.0,0.0
2021-02-22,53952.1533386324,322.44,86.35,169.51,24.28,142.18,0.0,0.0
2021-02-23,48560.4890350672,321.48,86.36,169.12,24.3,141.77,0.0,0.0
2021-02-24,49567.3456890707,324.13,86.335,169.0,24.26,140.84,0.0,0.0
2021-02-25,47568.131170076,312.83,86.21,165.82,24.34,138.54,0.0,0.0
2021-02-26,46231.7675784921,314.14,86.32,161.81,24.52,143.12,0.0,0.0
2021-02-27,45834.5133611923,,,,,,0.0,0.0
2021-02-28,45359.4641642314,,,,,,0.0,0.0
2021-03-01,49634.4471092928,323.59,86.29,161.53,24.54,141.06,0.0,0.022035
2021-03-02,48304.7054879018,318.4,86.31,162.41,24.45,141.07,0.0,0.0
2021-03-03,50690.4671835184,309.16,86.26,160.62,24.52,139.54,0.0,0.0
2021-03-04,48472.7954751607,304.1,86.26,159.04,24.68,138.64,0.0,0.0
2021-03-05,48800.8173594389,308.68,86.26,159.14,24.77,138.91,0.0,0.0
2021-03-06,48970.5244868498,,,,,,0.0,0.0
2021-03-07,51086.4681794272,,,,,,0.0,0.0
2021-03-08,52088.475131502,299.94,86.23,157.49,24.91,137.83,0.0,0.0
2021-03-09,54739.1352542373,311.77,86.23,160.84,24.77,139.74,0.0,0.0
2021-03-10,56116.040912332,310.88,86.26,161.66,24.73,140.02,0.0,0.0
2021-03-11,57847.2549357101,318.04,86.26,161.52,24.61,139.01,0.0,0.0
2021-03-12,57334.641534775,315.46,86.25,161.49,24.69,136.06,0.0,0.0
2021-03-13,61288.7941276447,,,,,,0.0,0.0
2021-03-14,59905.6184704851,,,,,,0.0,0.0
2021-03-15,56121.121924021,318.83,86.26,162.2,24.74,136.86,0.0,0.0
2021-03-16,56500.4460257159,320.58,86.26,162.35,24.74,136.31,0.0,0.0
2021-03-17,58683.0659824664,321.9,86.28,163.51,24.62,135.29,0.0,0.0
2021-03-18,57731.4798410871,312.04,86.27,162.56,24.77,133.92,0.0,0.0
2021-03-19,58168.1219222677,313.14,86.27,163.24,24.78,134.75,0.0,0.0
2021-03-20,58247.8847066043,,,,,,0.0,0.0
2021-03-21,57447.9330198714,,,,,,0.0,0.0
2021-03-22,54453.1373508475,318.61,86.26,163.0,24.73,136.26,0.39468,0.0
2021-03-23,54563.6119458211,317.22,86.27,161.81,24.88,137.49,0.0,0.0
2021-03-24,52595.4113237873,311.87,86.29,162.37,24.94,138.23,0.0,0.0
2021-03-25,51547.1248953828,311.33,86.3,161.78,25.01,137.14,0.0,0.0
2021-03-26,54817.8571122151,316.0,86.3,162.24,24.98,136.66,0.0,0.0
2021-03-27,56019.8373055523,,,,,,0.0,0.0
2021-03-28,55713.0381396844,,,,,,0.0,0.0
2021-03-29,57571.2333477498,315.91,86.28,160.31,25.04,135.5,0.0,0.0
2021-03-30,58684.5483921683,314.32,86.28,157.57,25.14,136.21,0.0,0.0
2021-03-31,58792.1948275862,319.13,86.25,159.96,25.12,135.45,0.0,0.0
2021-04-01,58818.9770985973,324.57,86.23,161.98,25.01,137.51,0.0,0.019313
2021-04-02,59031.5340192285,,,,,,0.0,0.0
2021-04-03,57282.3896247808,,,,,,0.0,0.0
2021-04-04,58202.199391993,,,,,,0.0,0.0
2021-04-05,58755.8525295149,331.05,86.21,161.92,24.93,136.91,0.0,0.0
2021-04-06,58084.0664231444,330.82,86.23,163.22,24.87,137.84,0.0,0.0
2021-04-07,56266.8346762127,331.62,86.24,162.76,24.9,136.88,0.0,0.0
2021-04-08,57963.3445994155,335.08,86.27,164.51,24.79,138.01,0.0,0.0
2021-04-09,58051.7625563998,337.11,86.24,163.27,24.81,137.51,0.0,0.0
2021-04-10,59651.5589877265,,,,,,0.0,0.0
2021-04-11,59932.9306469901,,,,,,0.0,0.0
2021-04-12,59905.9363744594,336.67,86.22,162.28,24.8,137.45,0.0,0.0
2021-04-13,63445.638314436,340.6,86.25,163.43,24.71,138.48,0.0,0.0
2021-04-14,62869.4955873758,336.51,86.25,162.72,24.68,138.04,0.0,0.0
2021-04-15,63231.162987142,341.61,86.27,165.35,24.68,140.35,0.0,0.0
2021-04-16,61571.1100905903,342.01,86.26,166.35,24.65,139.26,0.0,0.0
2021-04-17,60280.8761758036,,,,,,0.0,0.0
2021-04-18,56389.5579812975,,,,,,0.0,0.0
2021-04-19,55798.1370771479,338.88,86.25,165.89,24.51,138.86,0.0,0.0
2021-04-20,56474.3737586207,336.41,86.27,166.48,24.55,139.5,0.0,0.0
2021-04-21,54025.7995745178,339.29,86.29,168.13,24.52,139.78,0.0,0.0
2021-04-22,51882.0598106371,335.2,86.28,167.04,24.59,140.39,0.0,0.0
2021-04-23,50954.9100607832,339.42,86.26,166.4,24.45,140.06,0.0,0.0
2021-04-24,50279.9484464056,,,,,,0.0,0.0
2021-04-25,48946.9407428404,,,,,,0.0,0.0
2021-04-26,53943.3499783752,341.63,86.24,166.84,24.45,139.86,0.0,0.0
2021-04-27,55027.0309848042,340.15,86.23,166.42,24.46,138.64,0.0,0.0
2021-04-28,54787.3787071888,339.0,86.25,166.91,24.37,138.73,0.0,0.0
2021-04-29,53567.0811938048,340.22,86.27,166.22,24.38,138.32,0.0,0.0
2021-04-30,57741.44441654,337.99,86.28,165.66,24.58,138.64,0.0,0.0
2021-05-01,57863.5903927528,,,,,,0.0,0.0
2021-05-02,56572.5968410286,,,,,,0.0,0.0
2021-05-03,57243.0416054939,336.19,86.26,167.81,24.47,138.52,0.0,0.012243
2021-05-04,53724.10892519,330.14,86.26,166.58,24.58,139.46,0.0,0.0
2021-05-05,57342.0256616014,329.03,86.28,167.27,24.57,139.69,0.0,0.0
2021-05-06,56527.3529789597,331.51,86.28,170.06,24.45,139.92,0.0,0.0
2021-05-07,57341.0684549386,334.2,86.31,171.59,24.27,139.23,0.0,0.0
2021-05-08,58736.1258950906,,,,,,0.0,0.0
2021-05-09,58288.4256303916,,,,,,0.0,0.0
2021-05-10,55902.9277399182,325.76,86.28,172.11,24.27,137.82,0.0,0.0
2021-05-11,56612.1026487434,325.31,86.27,172.14,24.25,137.04,0.0,0.0
2021-05-12,50972.355081239,316.89,86.26,170.43,24.43,135.6,0.0,0.0
2021-05-13,49368.6144739918,319.34,86.28,171.13,24.39,135.81,0.0,0.0
2021-05-14,49997.3959011105,326.39,86.28,172.69,24.29,137.08,0.0,0.0
2021-05-15,47047.9633331385,,,,,,0.0,0.0
2021-05-16,46022.5037090006,,,,,,0.0,0.0
2021-05-17,43492.3954833431,324.41,86.28,174.7,24.26,136.79,0.0,0.0
2021-05-18,42789.8093921683,322.22,86.29,175.04,24.15,136.44,0.0,0.0
2021-05-19,37642.5200017534,322.59,86.26,175.16,24.26,136.11,0.0,0.0
2021-05-20,40799.4021475745,328.83,86.3,175.96,24.14,137.23,0.0,0.0
2021-05-21,37174.3311014027,327.01,86.28,176.04,24.22,137.67,0.0,0.0
2021-05-22,37643.4197983635,,,,,,0.0,0.0
2021-05-23,34774.207221917,,,,,,0.0,0.0
2021-05-24,38630.4091186441,332.51,86.3,176.35,24.16,138.18,0.0,0.0
2021-05-25,38269.7710747516,332.97,86.3,177.95,24.13,139.46,0.0,0.0
2021-05-26,39194.8588980129,334.13,86.32,177.64,24.22,139.22,0.0,0.0
2021-05-27,38510.8570417884,332.88,86.32,177.71,24.2,138.655,0.0,0.0
2021-05-28,35596.7179510228,333.93,86.32,178.38,24.22,138.44,0.0,0.0
2021-05-29,34681.8183670368,,,,,,0.0,0.0
2021-05-30,35652.1687703098,,,,,,0.0,0.0
2021-05-31,37312.9748970193,,,,,,0.0,0.0
2021-06-01,36661.3781184687,332.82,86.29,177.9,24.18,138.21,0.0,0.012074
2021-06-02,37639.4556732905,333.47,86.3,178.77,24.18,138.53,0.0,0.0
2021-06-03,39160.1504132086,330.0,86.27,175.27,24.33,138.01,0.0,0.0
2021-06-04,36884.3735551724,335.6,86.3,177.16,24.24,139.9,0.0,0.0
2021-06-05,35409.5672366452,,,,,,0.0,0.0
2021-06-06,35720.6043546464,,,,,,0.0,0.0
2021-06-07,33724.9077517826,336.6,86.29,177.87,24.2,139.47,0.0,0.0
2021-06-08,33475.0489234366,336.76,86.31,177.32,24.23,140.45,0.0,0.0
2021-06-09,37372.9888953828,336.84,86.29,176.98,24.25,141.69,0.0,0.0
2021-06-10,36826.0022185856,340.35,86.32,177.74,24.23,142.54,0.0,0.0
2021-06-11,37185.3931268264,341.24,86.3,175.74,24.35,142.31,0.0,0.0
2021-06-12,35669.1712817066,,,,,,0.0,0.0
2021-06-13,38925.4194289889,,,,,,0.0,0.0
2021-06-14,40455.5959833431,344.51,86.27,174.71,24.33,141.22,0.0,0.0
2021-06-15,40254.6514679135,342.26,86.26,174.05,24.35,141.05,0.0,0.0
2021-06-16,38265.5437726476,341.01,86.18,171.11,24.55,140.93,0.0,0.0
2021-06-17,38018.6432346581,345.34,86.175,165.85,24.74,143.04,0.0,0.0
2021-06-18,35714.3120787259,342.63,86.11,164.93,24.82,145.73,0.0,0.0
2021-06-19,35555.9763966686,,,,,,0.0,0.0
2021-06-20,35599.9418784337,,,,,,0.0,0.0
2021-06-21,31715.1598624196,344.36,86.13,166.95,24.7,143.29,0.39679,0.0
2021-06-22,32394.5555949737,347.57,86.18,166.25,24.66,143.64,0.0,0.0
2021-06-23,33610.4968129749,347.74,86.12,166.14,24.7,143.27,0.0,0.0
2021-06-24,34658.972875979,349.89,86.13,166.04,24.68,143.5,0.0,0.0
2021-06-25,31683.5032004676,349.46,86.12,166.59,24.69,142.01,0.0,0.0
2021-06-26,31890.6764465225,,,,,,0.0,0.0
2021-06-27,34506.4911975453,,,,,,0.0,0.0
2021-06-28,34376.188538983,353.71,86.15,166.58,24.7,143.47,0.0,0.0
2021-06-29,35933.7782178843,354.99,86.14,164.83,24.76,143.71,0.0,0.0
2021-06-30,35065.4661533606,354.43,86.16,165.63,24.83,144.35,0.0,0.0
2021-07-01,33505.0804935126,354.57,86.13,166.2,24.9,144.17,0.0,0.013189
2021-07-02,33782.9459464641,358.64,86.17,167.29,24.8,145.04,0.0,0.0
2021-07-03,34588.2242916423,,,,,,0.0,0.0
2021-07-04,35355.6078883694,,,,,,0.0,0.0
2021-07-05,33911.7538404442,,,,,,0.0,0.0
2021-07-06,34123.9815680888,360.19,86.2,168.12,24.89,146.74,0.0,0.0
2021-07-07,33931.6186382233,360.95,86.21,168.76,24.93,148.04,0.0,0.0
2021-07-08,32819.6595312098,358.77,86.25,168.65,24.83,148.62,0.0,0.0
2021-07-09,33914.8810742256,361.01,86.22,169.21,24.77,146.53,0.0,0.0
2021-07-10,33610.9458386908,,,,,,0.0,0.0
2021-07-11,34258.4413898305,,,,,,0.0,0.0
2021-07-12,33135.2359117475,362.42,86.2,169.0,24.8,146.34,0.0,0.0
2021-07-13,32641.9759610169,362.42,86.13,169.22,24.95,145.22,0.0,0.0
2021-07-14,32798.2845189947,363.07,86.19,171.04,24.83,146.87,0.0,0.0
2021-07-15,31707.6900368206,360.52,86.2,171.07,24.9,148.49,0.0,0.0
2021-07-16,31455.7175818819,357.6,86.19,169.41,24.93,148.21,0.0,0.0
2021-07-17,31547.9511990064,,,,,,0.0,0.0
2021-07-18,31707.7038527177,,,,,,0.0,0.0
2021-07-19,30883.4697462303,354.67,86.23,169.61,24.97,151.46,0.0,0.0
2021-07-20,29766.6577182934,358.79,86.27,169.39,25.0,150.0,0.0,0.0
2021-07-21,32119.6572258328,361.56,86.24,168.76,24.94,148.1,0.0,0.0
2021-07-22,32306.9614285798,363.95,86.25,169.09,24.97,149.5,0.0,0.0
2021-07-23,33439.5957028638,368.2,86.26,168.56,24.98,148.5,0.0,0.0
2021-07-24,34166.914654588,,,,,,0.0,0.0
2021-07-25,35119.9374360023,,,,,,0.0,0.0
2021-07-26,37444.7825102279,368.49,86.24,168.16,24.9,148.06,0.0,0.0
2021-07-27,39126.5402881356,364.43,86.26,168.44,24.86,149.64,0.0,0.0
2021-07-28,39939.1940432495,365.83,86.27,169.29,24.79,149.65,0.0,0.0
2021-07-29,40086.1643950906,366.48,86.27,171.17,24.7,148.82,0.0,0.0
2021-07-30,41789.6670981882,364.57,86.285,169.82,24.77,149.52,0.0,0.0
2021-07-31,41793.3137481005,,,,,,0.0,0.0
2021-08-01,39968.9689544126,,,,,,0.0,0.0
2021-08-02,39304.1862835769,364.6,86.31,169.61,24.74,150.67,0.0,0.012446
2021-08-03,38288.8253975453,366.81,86.31,169.49,24.75,150.75,0.0,0.0
2021-08-04,39773.9113489188,367.34,86.28,169.53,24.79,151.06,0.0,0.0
2021-08-05,40941.650434249,369.67,86.24,168.86,24.79,150.29,0.0,0.0
2021-08-06,42790.3573284629,368.05,86.21,164.64,24.93,147.78,0.0,0.0
2021-08-07,44484.9005862069,,,,,,0.0,0.0
2021-08-08,43972.3010181181,,,,,,0.0,0.0
2021-08-09,46265.6424564582,368.73,86.18,161.72,24.98,147.25,0.0,0.0
2021-08-10,45488.7912624196,366.84,86.15,161.77,25.0,146.57,0.0,0.0
2021-08-11,45676.3263611923,366.21,86.19,164.0,24.95,146.48,0.0,0.0
2021-08-12,44405.7483483343,367.53,86.185,164.04,24.98,146.24,0.0,0.0
2021-08-13,47717.4853559322,368.82,86.2,166.39,24.86,148.55,0.0,0.0
2021-08-14,47124.2050736411,,,,,,0.0,0.0
2021-08-15,47074.370710111,,,,,,0.0,0.0
2021-08-16,45984.7199070719,368.98,86.22,167.22,24.88,148.91,0.0,0.0
2021-08-17,44714.0967982466,365.73,86.2,166.97,25.03,148.85,0.0,0.0
2021-08-18,44954.3637469316,362.21,86.2,167.1,25.03,149.35,0.0,0.0
2021-08-19,46646.8615049679,363.96,86.2,166.61,25.15,150.45,0.0,0.0
2021-08-20,49240.8356049094,367.73,86.2,166.7,25.12,150.55,0.0,0.0
2021-08-21,49070.2409701929,,,,,,0.0,0.0
2021-08-22,49363.3160952659,,,,,,0.0,0.0
2021-08-23,49590.8763676213,373.23,86.2,168.73,24.97,150.45,0.0,0.0
2021-08-24,47925.8622127411,374.37,86.185,168.65,24.95,149.28,0.0,0.0
2021-08-25,49002.3166049094,374.8,86.18,167.48,24.93,148.04,0.0,0.0
2021-08-26,47190.3449929866,372.42,86.18,167.67,25.0,148.45,0.0,0.0
2021-08-27,49048.4755891292,376.04,86.24,170.19,24.89,149.46,0.0,0.0
2021-08-28,48852.4687995324,,,,,,0.0,0.0
2021-08-29,48948.3479579193,,,,,,0.0,0.0
2021-08-30,47125.7685189947,380.26,86.26,169.35,24.89,149.85,0.0,0.0
2021-08-31,47219.2443424898,379.95,86.25,169.69,24.89,148.83,0.0,0.0
2021-09-01,48688.5375572764,380.58,86.23,169.7,24.84,148.89,0.0,0.012808
2021-09-02,49369.5862746932,380.4,86.23,169.25,24.78,149.54,0.0,0.0
2021-09-03,49860.5341635301,381.57,86.23,171.06,24.73,148.18,0.0,0.0
2021-09-04,49919.577563647,,,,,,0.0,0.0
2021-09-05,51747.6438565167,,,,,,0.0,0.0
2021-09-06,52640.5883740503,,,,,,0.0,0.0
2021-09-07,46854.4006028638,382.11,86.2,167.71,24.85,146.93,0.0,0.0
2021-09-08,46187.9757306254,380.78,86.22,167.29,24.89,147.93,0.0,0.0
2021-09-09,46448.7748290473,379.47,86.24,168.03,24.83,149.72,0.0,0.0
2021-09-10,44765.2755762712,376.59,86.21,167.18,24.87,148.4,0.0,0.0
2021-09-11,45098.5916447691,,,,,,0.0,0.0
2021-09-12,46180.6124563998,,,,,,0.0,0.0
2021-09-13,44991.5221277031,376.33,86.23,167.74,24.87,149.3,0.0,0.0
2021-09-14,47022.6177597896,375.26,86.24,168.82,24.87,151.11,0.0,0.0
2021-09-15,48167.1893676213,378.05,86.24,167.83,24.82,150.58,0.0,0.0
2021-09-16,47797.3283237873,378.31,86.21,164.03,24.93,149.89,0.0,0.0
2021-09-17,47213.7941294565,373.83,86.19,163.77,25.02,149.17,0.0,0.0
2021-09-18,48204.0136519579,,,,,,0.0,0.0
2021-09-19,47218.4739964933,,,,,,0.0,0.0
2021-09-20,42855.5103448276,365.7,86.21,164.94,25.03,151.02,0.41391,0.0
2021-09-21,40526.4893760958,366.15,86.23,166.04,25.01,150.89,0.0,0.0
2021-09-22,43577.5724821742,369.57,86.18,165.42,25.08,151.79,0.0,0.0
2021-09-23,44861.2980329047,372.98,86.13,163.51,24.98,148.36,0.0,0.0
2021-09-24,42803.307701052,373.33,86.1,163.3,25.05,146.91,0.0,0.0
2021-09-25,42735.2658240795,,,,,,0.0,0.0
2021-09-26,43131.2941773816,,,,,,0.0,0.0
2021-09-27,42496.7852250146,370.35,86.09,163.64,25.08,146.37,0.0,0.0
2021-09-28,41223.7862743425,359.87,86.1,162.05,25.17,144.09,0.0,0.0
2021-09-29,41453.9470131502,359.28,86.13,161.32,25.35,144.34,0.0,0.0
2021-09-30,43781.546015488,357.96,86.15,164.22,25.31,144.32,0.0,0.0
2021-10-01,48078.1315543542,360.18,86.18,164.59,25.26,145.35,0.0,0.010678
2021-10-02,47792.4391943308,,,,,,0.0,0.0
2021-10-03,48202.6229177089,,,,,,0.0,0.0
2021-10-04,49288.5013106371,352.62,86.14,165.36,25.18,144.98,0.0,0.0
2021-10-05,51558.0493319112,357.38,86.13,164.59,25.23,143.58,0.0,0.0
2021-10-06,55419.800411163,359.67,86.12,165.03,25.3,144.39,0.0,0.0
2021-10-07,53805.1569125658,362.97,86.09,164.16,25.29,142.88,0.0,0.0
2021-10-08,53933.5275908825,361.16,86.06,164.23,25.27,141.88,0.0,0.0
2021-10-09,55010.9224751607,,,,,,0.0,0.0
2021-10-10,54701.2797022209,,,,,,0.0,0.0
2021-10-11,57289.1864570426,358.39,85.99,163.92,25.34,141.52,0.0,0.0
2021-10-12,56196.1812597896,357.14,86.03,164.66,25.37,143.94,0.0,0.0
2021-10-13,57348.8928769725,360.0,86.0,167.59,25.23,145.34,0.0,0.0
2021-10-14,57384.0369146698,366.63,86.0,168.0,25.23,145.88,0.0,0.0
2021-10-15,61446.0840073057,368.94,85.95,165.33,25.2,145.03,0.0,0.0
2021-10-16,60932.0632119228,,,,,,0.0,0.0
2021-10-17,61462.2223722969,,,,,,0.0,0.0
2021-10-18,61977.0575514319,372.65,85.89,164.92,25.21,145.71,0.0,0.0
2021-10-19,64290.8977574518,375.47,85.92,165.45,25.15,143.7,0.0,0.0
2021-10-20,66061.7965639977,374.98,85.95,166.9,25.11,142.73,0.0,0.0
2021-10-21,62373.8856206897,377.27,85.85,166.75,25.17,142.56,0.0,0.0
2021-10-22,60750.9673718293,374.1,85.83,167.77,25.12,144.13,0.0,0.0
2021-10-23,61250.082628872,,,,,,0.0,0.0
2021-10-24,60865.4470523086,,,,,,0.0,0.0
2021-10-25,63031.6729015196,377.93,85.87,168.93,25.16,143.91,0.0,0.0
2021-10-26,60393.9802738165,379.12,85.85,167.68,25.21,145.1,0.0,0.0
2021-10-27,58563.3359899766,380.0,85.83,168.12,25.2,147.74,0.0,0.0
2021-10-28,60564.5721122151,384.22,85.84,168.08,25.05,147.24,0.0,0.0
2021-10-29,62230.8055689655,386.11,85.85,166.65,25.25,147.69,0.0,0.0
2021-10-30,61742.9165321449,,,,,,0.0,0.0
2021-10-31,61432.9700628287,,,,,,0.0,0.0
2021-11-01,61092.0950592051,387.43,85.8,167.52,25.17,146.44,0.0,0.010985
2021-11-02,63024.7472296902,389.05,85.89,167.16,25.23,147.09,0.0,0.0
2021-11-03,62955.9817630041,393.18,85.87,165.77,25.17,145.57,0.0,0.0
2021-11-04,61393.8899780246,398.22,85.95,167.65,25.3,147.1,0.0,0.0
2021-11-05,61005.840833723,398.6,85.99,169.84,25.28,149.3,0.0,0.0
2021-11-06,61455.0536268849,,,,,,0.0,0.0
2021-11-07,63043.8290590298,,,,,,0.0,0.0
2021-11-08,67541.7555081824,398.06,85.89,170.45,25.23,149.02,0.0,0.0
2021-11-09,67095.5856706605,395.32,85.94,171.29,25.2,150.96,0.0,0.0
2021-11-10,64756.0779689071,389.51,85.77,173.15,25.47,148.2,0.0,0.0
2021-11-11,64962.9312939801,390.59,85.71,174.12,25.53,147.98,0.0,0.0
2021-11-12,64078.968037405,394.7,85.78,174.45,25.5,147.33,0.0,0.0
2021-11-13,64397.7912063121,,,,,,0.0,0.0
2021-11-14,65032.2256548217,,,,,,0.0,0.0
2021-11-15,63753.5031592636,394.61,85.77,174.18,25.64,145.48,0.0,0.0
2021-11-16,60322.4978530099,397.42,85.77,172.92,25.74,145.11,0.0,0.0
2021-11-17,60154.3083661601,397.63,85.8,174.5,25.69,146.26,0.0,0.0
2021-11-18,56794.1556271186,401.75,85.79,173.94,25.62,146.81,0.0,0.0
2021-11-19,58014.0729888954,403.99,85.77,172.61,25.75,148.36,0.0,0.0
2021-11-20,59749.4738229106,,,,,,0.0,0.0
2021-11-21,59032.6241017534,,,,,,0.0,0.0
2021-11-22,56383.5658760958,399.3,85.67,168.74,25.88,146.62,0.0,0.0
2021-11-23,57642.2657980713,397.48,85.67,167.28,25.87,144.5,0.0,0.0
2021-11-24,57141.8303784337,398.76,85.65,167.12,25.97,146.82,0.0,0.0
2021-11-25,59008.6554792519,,,,,,0.0,0.0
2021-11-26,53800.6178389831,391.2,85.82,166.85,25.77,150.53,0.0,0.0
2021-11-27,54635.8824628872,,,,,,0.0,0.0
2021-11-28,57248.5696963764,,,,,,0.0,0.0
2021-11-29,57920.7107299825,399.69,85.86,166.62,25.82,149.32,0.0,0.0
2021-11-30,57097.0127942724,393.82,85.79,165.5,25.7,151.59,0.0,0.0
2021-12-01,57180.6098439509,387.12,85.75,166.16,25.77,152.34,0.0,0.049913
2021-12-02,56582.8937691408,389.91,85.64,165.24,25.78,152.53,0.0,0.0
2021-12-03,53671.6160680888,383.13,85.69,166.63,25.77,154.35,0.0,0.0
2021-12-04,49159.7357983635,,,,,,0.0,0.0
2021-12-05,49327.0935999416,,,,,,0.0,0.0
2021-12-06,50535.4252232612,386.2,85.62,166.22,25.81,152.23,0.0,0.0
2021-12-07,50574.4728344828,397.83,85.51,166.81,25.82,151.0,0.0,0.0
2021-12-08,50500.6543513735,399.61,85.54,166.9,25.7,148.39,0.0,0.0
2021-12-09,47937.8228458212,393.73,85.51,165.88,25.79,149.22,0.0,0.0
2021-12-10,47437.2289725307,398.01,85.55,166.58,25.75,148.86,0.0,0.0
2021-12-11,49321.7693252484,,,,,,0.0,0.0
2021-12-12,50136.5722568673,,,,,,0.0,0.0
2021-12-13,46785.3278410286,392.26,85.6,167.0,25.83,151.06,0.0,0.0
2021-12-14,48292.6822501461,388.2,85.55,165.44,25.88,150.7,0.0,0.0
2021-12-15,48830.6223860316,397.05,85.58,166.15,25.84,149.25,0.0,0.0
2021-12-16,47663.4691077148,386.84,85.63,168.16,25.73,149.14,0.0,0.018063
2021-12-17,46334.4837489772,384.91,85.59,167.8,25.91,150.83,0.0,0.0
2021-12-18,46904.8736753361,,,,,,0.0,0.0
2021-12-19,46876.426924021,,,,,,0.0,0.0
2021-12-20,46954.7634783168,380.69,85.61,167.09,25.88,149.7,0.49141,0.0
2021-12-21,49082.0624666277,389.21,85.56,167.02,25.85,149.13,0.0,0.0
2021-12-22,48692.0987391584,393.95,85.55,168.59,25.75,149.82,0.0,0.0
2021-12-23,50712.9707682642,396.92,85.54,168.97,25.73,148.52,0.0,0.0
2021-12-24,50783.8344210988,,,,,,0.0,0.0
2021-12-25,50590.4508976622,,,,,,0.0,0.0
2021-12-26,50798.3065859147,,,,,,0.0,0.0
2021-12-27,50796.3776735827,403.48,85.51,169.37,25.74,148.88,0.0,0.0
2021-12-28,47673.0440452367,401.61,85.51,168.64,25.77,148.29,0.0,0.0
2021-12-29,46470.3215751023,401.55,85.5,168.59,25.7,146.67,0.0,0.0
2021-12-30,47102.4630037989,400.35,85.55,169.8,25.74,147.9,0.0,0.0
2021-12-31,46355.1173302747,397.85,85.54,170.96,25.63,148.19,0.0,0.0
2022-01-01,47560.0093816482,,,,,,0.0,0.0
2022-01-02,47352.5577565751,,,,,,0.0,0.0
2022-01-03,46453.432351841,401.68,85.44,168.33,25.79,144.3,0.0,0.0
2022-01-04,45905.9611221508,396.47,85.49,169.57,25.81,143.7,0.0,0.0
2022-01-05,43530.9440388662,384.29,85.38,169.06,25.78,142.92,0.0,0.0
2022-01-06,43144.9652928112,384.02,85.31,166.99,25.8,143.29,0.0,0.0
2022-01-07,41512.7845808299,379.86,85.29,167.75,25.66,142.26,0.0,0.0
2022-01-08,41799.8128848627,,,,,,0.0,0.0
2022-01-09,41886.4985569842,,,,,,0.0,0.0
2022-01-10,41816.9510561075,380.11,85.24,168.26,25.72,142.61,0.0,0.0
2022-01-11,42768.1786116306,385.82,85.27,170.29,25.61,143.56,0.0,0.0
2022-01-12,43961.0265441262,387.35,85.24,170.74,25.44,143.01,0.0,0.0
2022-01-13,42626.8653924605,377.66,85.28,170.16,25.43,144.28,0.0,0.0
2022-01-14,43102.6476180596,380.01,85.17,169.67,25.5,142.1,0.0,0.0
2022-01-15,43206.6744812975,,,,,,0.0,0.0
2022-01-16,43168.8596671537,,,,,,0.0,0.0
2022-01-17,42211.270399474,,,,,,0.0,0.0
2022-01-18,42431.2319670368,370.55,85.04,169.39,25.66,140.1,0.0,0.0
2022-01-19,41787.722012858,366.48,85.08,172.08,25.6,141.07,0.0,0.0
2022-01-20,40756.1261630625,361.72,85.06,171.65,25.68,141.94,0.0,0.0
2022-01-21,36492.2872241379,351.69,85.13,171.09,25.61,143.63,0.0,0.0
2022-01-22,34996.390965225,,,,,,0.0,0.0
2022-01-23,36271.0502650497,,,,,,0.0,0.0
2022-01-24,36659.7252206312,353.3,85.18,172.03,25.69,142.45,0.0,0.0
2022-01-25,36952.586773232,345.11,85.14,172.58,25.7,142.22,0.0,0.0
2022-01-26,36825.8245993571,344.57,84.99,169.79,25.84,140.5,0.0,0.0
2022-01-27,37021.9371332554,341.1,84.92,167.6,26.06,143.08,0.0,0.0
2022-01-28,37768.8474836353,351.8,84.95,167.1,26.05,143.13,0.0,0.0
2022-01-29,38088.2912279953,,,,,,0.0,0.0
2022-01-30,37983.5063845704,,,,,,0.0,0.0
2022-01-31,38462.6724029807,363.05,84.95,168.09,25.87,142.39,0.0,0.0
2022-02-01,38787.9640824079,365.52,84.92,168.23,25.8,141.72,0.0,0.023298
2022-02-02,36942.3307493279,368.49,84.94,168.84,25.7,142.2,0.0,0.0
2022-02-03,37057.6521879018,353.55,84.87,168.6,25.57,141.09,0.0,0.0
2022-02-04,41079.9060881356,358.01,84.7,168.86,25.55,139.01,0.0,0.0
2022-02-05,41508.5816925774,,,,,,0.0,0.0
2022-02-06,42358.2251732905,,,,,,0.0,0.0
2022-02-07,43888.980119813,355.13,84.72,170.11,25.56,139.1,0.0,0.0
2022-02-08,44167.4447945646,359.12,84.63,170.63,25.6,138.17,0.0,0.0
2022-02-09,44405.0732042665,366.73,84.62,171.21,25.57,138.43,0.0,0.0
2022-02-10,43614.3426960842,358.43,84.19,170.56,25.61,136.23,0.0,0.0
2022-02-11,42357.3217416715,347.06,84.45,173.81,25.72,138.25,0.0,0.0
2022-02-12,42173.4593962595,,,,,,0.0,0.0
2022-02-13,42195.5947451782,,,,,,0.0,0.0
2022-02-14,42646.1618590883,347.49,84.27,174.74,25.79,136.53,0.0,0.0
2022-02-15,44511.9084880187,356.13,84.3,173.08,25.69,134.98,0.0,0.0
2022-02-16,44065.7092673875,356.04,84.41,174.86,25.64,135.78,0.0,0.0
2022-02-17,40610.024261543,345.45,84.46,177.25,25.65,136.79,0.0,0.0
2022-02-18,40044.2204856809,341.51,84.47,177.12,25.72,138.23,0.0,0.0
2022-02-19,40095.887329398,,,,,,0.0,0.0
2022-02-20,38551.6224967855,,,,,,0.0,0.0
2022-02-21,37098.0360081824,,,,,,0.0,0.0
2022-02-22,38202.5940818235,338.08,84.39,177.49,25.73,138.59,0.0,0.0
2022-02-23,37308.2687344243,329.42,84.34,178.29,25.76,136.68,0.0,0.0
2022-02-24,38283.790402104,340.49,84.41,177.14,25.97,136.77,0.0,0.0
2022-02-25,39323.7702158387,345.77,84.41,176.55,25.84,136.87,0.0,0.0
2022-02-26,39056.5781523086,,,,,,0.0,0.0
2022-02-27,37664.7792828755,,,,,,0.0,0.0
2022-02-28,43179.2545140269,346.8,84.56,178.38,25.88,139.87,0.0,0.0
2022-03-01,44334.457582408,341.49,84.73,181.62,26.08,141.3,0.0,0.025406
2022-03-02,43984.584926768,347.22,84.45,179.73,26.06,136.47,0.0,0.0
2022-03-03,42492.7744552893,342.26,84.45,180.8,26.16,137.86,0.0,0.0
2022-03-04,39106.4052159556,337.3,84.54,183.68,26.36,140.24,0.0,0.0
2022-03-05,39383.8848433665,,,,,,0.0,0.0
2022-03-06,38399.3426268264,,,,,,0.0,0.0
2022-03-07,38146.734273232,324.86,84.43,186.41,26.55,139.17,0.0,0.0
2022-03-08,38725.477261543,323.35,84.32,191.51,26.5,137.77,0.0,0.0
2022-03-09,41989.4028179427,334.99,84.27,185.82,26.24,136.42,0.0,0.0
2022-03-10,39482.2584672706,331.27,84.2,186.4,26.37,134.46,0.0,0.0
2022-03-11,38825.3644214494,324.4,84.17,185.09,26.51,134.91,0.0,0.0
2022-03-12,38951.1300157802,,,,,,0.0,0.0
2022-03-13,37808.3174004091,,,,,,0.0,0.0
2022-03-14,39649.0453243717,318.17,83.95,182.3,26.5,131.76,0.0,0.0
2022-03-15,39356.8139000584,328.15,83.98,178.89,26.47,131.53,0.0,0.0
2022-03-16,41101.768579135,340.32,83.9,180.01,26.28,132.82,0.0,0.0
2022-03-17,40966.4169324956,344.44,83.87,180.89,26.22,131.83,0.0,0.0
2022-03-18,41826.1160710111,351.49,83.85,179.3,26.25,133.44,0.0,0.0
2022-03-19,42193.1615362361,,,,,,0.0,0.0
2022-03-20,41294.7235129164,,,,,,0.0,0.0
2022-03-21,41064.429648159,350.08,83.57,180.67,26.35,130.35,0.43369,0.0
2022-03-22,42383.169518761,356.96,83.51,179.36,26.34,128.68,0.0,0.0
2022-03-23,42734.2000355932,351.83,83.58,181.81,26.37,131.5,0.0,0.0
2022-03-24,43974.5935882525,359.65,83.555,183.13,26.4,130.47,0.0,0.0
2022-03-25,44347.034279661,359.35,83.33,182.38,26.41,128.66,0.0,0.0
2022-03-26,44519.9268641145,,,,,,0.0,0.0
2022-03-27,46777.2056265342,,,,,,0.0,0.0
2022-03-28,47223.6528860316,364.91,83.25,179.06,26.49,129.76,0.0,0.0
2022-03-29,47463.7096770894,371.19,83.29,179.14,26.33,130.74,0.0,0.0
2022-03-30,47123.2971478667,367.09,83.35,180.58,26.19,131.76,0.0,0.0
2022-03-31,45562.2106665693,362.54,83.35,180.65,26.3,132.08,0.0,0.0
2022-04-01,46250.3362878434,361.85,83.14,179.5,26.34,132.38,0.0,0.036305
2022-04-02,45939.8973489188,,,,,,0.0,0.0
2022-04-03,46440.5438538866,,,,,,0.0,0.0
2022-04-04,46663.0041770894,369.3,83.19,180.37,26.46,131.46,0.0,0.0
2022-04-05,45693.0350619521,361.1,83.04,179.24,26.6,128.49,0.0,0.0
2022-04-06,43304.9371990064,353.26,83.1,179.66,26.62,127.45,0.0,0.0
2022-04-07,43569.0471697837,354.1,83.16,180.34,26.67,126.49,0.0,0.0
2022-04-08,42222.0689772063,349.15,83.06,181.47,26.67,125.12,0.0,0.0
2022-04-09,42680.9947355932,,,,,,0.0,0.0
2022-04-10,42264.4633909994,,,,,,0.0,0.0
2022-04-11,39544.0251835184,340.89,83.08,182.37,26.73,123.14,0.0,0.0
2022-04-12,40096.3669748685,339.45,83.29,183.77,26.82,122.97,0.0,0.0
2022-04-13,41152.7554517826,346.35,83.33,184.65,26.71,123.22,0.0,0.0
2022-04-14,39916.4963842782,338.43,83.18,184.04,26.83,120.75,0.0,0.0
2022-04-15,40527.3319567504,,,,,,0.0,0.0
2022-04-16,40439.5881209819,,,,,,0.0,0.0
2022-04-17,39704.7839798364,,,,,,0.0,0.0
2022-04-18,40818.8786025716,338.69,83.18,184.61,26.94,120.15,0.0,0.0
2022-04-19,41489.6638011689,346.26,82.99,181.82,27.0,119.25,0.0,0.0
2022-04-20,41395.64458346,341.21,83.04,182.71,26.81,121.65,0.0,0.0
2022-04-21,40457.4959418469,334.15,82.9,182.06,26.89,120.75,0.0,0.0
2022-04-22,39737.9735040912,325.4,82.88,180.29,27.05,119.99,0.0,0.0
2022-04-23,39582.4548720047,,,,,,0.0,0.0
2022-04-24,39511.6456928697,,,,,,0.0,0.0
2022-04-25,40473.7483176505,329.58,83.01,177.05,27.18,121.19,0.0,0.0
2022-04-26,38072.800873758,317.14,83.16,177.32,27.35,122.41,0.0,0.0
2022-04-27,39218.5376174752,316.76,83.12,175.98,27.52,120.84,0.0,0.0
2022-04-28,39747.9894270018,328.01,83.06,176.93,27.68,121.02,0.0,0.0
2022-04-29,38609.5059070719,313.25,82.9,176.91,27.57,119.45,0.0,0.0
2022-04-30,37714.0949804208,,,,,,0.0,0.0
2022-05-01,38459.226979135,,,,,,0.0,0.0
2022-05-02,38566.0628877849,318.48,82.85,173.63,27.71,117.18,0.0,0.043611
2022-05-03,37704.4053153127,318.82,82.81,174.09,27.66,117.97,0.0,0.0
2022-05-04,39641.852176505,329.6,83.03,175.8,27.43,118.62,0.0,0.0
2022-05-05,36502.0245601403,313.0,82.89,175.13,27.66,115.37,0.0,0.0
2022-05-06,36042.9995584453,309.25,82.88,175.42,27.71,113.67,0.0,0.0
2022-05-07,35508.7110227937,,,,,,0.0,0.0
2022-05-08,34058.9066861484,,,,,,0.0,0.0
2022-05-09,30457.9218194039,297.15,83.09,172.88,27.72,114.67,0.0,0.0
2022-05-10,30990.7351659848,300.76,83.04,171.42,27.78,115.71,0.0,0.0
2022-05-11,28796.5568217417,291.84,83.05,172.82,27.81,117.94,0.0,0.0
2022-05-12,29030.7070417884,291.15,83.17,170.17,28.05,117.72,0.0,0.0
2022-05-13,29285.9346718293,301.94,83.14,168.79,27.97,115.98,0.0,0.0
2022-05-14,30051.935755114,,,,,,0.0,0.0
2022-05-15,31182.6212460549,,,,,,0.0,0.0
2022-05-16,29889.6124757452,298.44,83.19,170.4,27.86,115.86,0.0,0.0
2022-05-17,30438.1944476914,306.17,83.01,169.33,27.63,114.46,0.0,0.0
2022-05-18,28771.2204786675,291.14,83.05,169.42,27.77,116.9,0.0,0.0
2022-05-19,30257.8852483928,289.58,83.17,171.91,27.48,117.18,0.0,0.0
2022-05-20,29224.245998422,288.68,83.23,172.03,27.54,118.51,0.0,0.0
2022-05-21,29420.0782857978,,,,,,0.0,0.0
2022-05-22,30331.87514173,,,,,,0.0,0.0
2022-05-23,29088.2515419638,293.48,83.19,172.83,27.29,116.56,0.0,0.0
2022-05-24,29643.6837556984,287.24,83.38,174.13,27.21,118.86,0.0,0.0
2022-05-25,29577.259880187,291.26,83.44,173.08,27.31,119.33,0.0,0.0
2022-05-26,29332.4860467563,299.33,83.46,172.76,27.22,118.79,0.0,0.0
2022-05-27,28612.0413103448,309.1,83.48,172.85,27.16,119.08,0.0,0.0
2022-05-28,29045.5206344243,,,,,,0.0,0.0
2022-05-29,29430.0689800117,,,,,,0.0,0.0
2022-05-30,31735.9549719462,,,,,,0.0,0.0
2022-05-31,31831.4095251315,308.28,83.35,171.14,27.21,116.56,0.0,0.0
2022-06-01,29825.9221992987,306.0,83.13,172.23,27.42,116.22,0.0,0.064745
2022-06-02,30504.2679997078,314.38,83.15,174.35,27.18,116.28,0.0,0.0
2022-06-03,29662.6709708942,306.2,83.12,172.58,27.3,116.03,0.0,0.0
2022-06-04,29792.4076779077,,,,,,0.0,0.0
2022-06-05,29915.4093009936,,,,,,0.0,0.0
2022-06-06,31333.6770197545,307.22,83.01,171.82,27.36,113.89,0.0,0.0
2022-06-07,31175.0324289889,309.87,83.02,172.94,27.33,115.12,0.0,0.0
2022-06-08,30228.464698422,307.64,82.96,172.78,27.41,114.1,0.0,0.0
2022-06-09,30064.4855289305,299.4,82.9,172.23,27.61,114.48,0.0,0.0
2022-06-10,29070.4000300994,288.84,82.55,174.54,27.83,113.77,0.0,0.0
2022-06-11,28360.7899231444,,,,,,0.0,0.0
2022-06-12,26830.2839456458,,,,,,0.0,0.0
2022-06-13,22316.2570400351,275.41,82.13,169.93,28.1,110.2,0.0,0.0
2022-06-14,22072.8663085915,275.91,81.97,168.57,28.16,108.81,0.0,0.0
2022-06-15,22520.7910087668,282.8,82.29,170.77,27.94,110.84,0.0,0.0
2022-06-16,20310.1769848042,271.39,82.4,172.69,27.67,111.72,0.0,0.0
2022-06-17,20464.9290873174,274.69,82.38,171.27,27.95,112.08,0.0,0.0
2022-06-18,19013.8672536528,,,,,,0.0,0.0
2022-06-19,20492.2951683226,,,,,,0.0,0.0
2022-06-20,20571.6292247224,,,,,,0.0,0.0
2022-06-21,20688.4651312098,281.08,82.35,170.63,27.85,110.18,0.5274,0.0
2022-06-22,20003.1683375219,280.67,82.59,171.31,27.81,113.21,0.0,0.0
2022-06-23,21097.1028331385,284.85,82.66,170.26,27.84,114.14,0.0,0.0
2022-06-24,21299.0769853887,294.61,82.64,170.09,27.78,112.56,0.0,0.0
2022-06-25,21468.3431566335,,,,,,0.0,0.0
2022-06-26,21066.6209430158,,,,,,0.0,0.0
2022-06-27,20751.0516960842,292.45,82.55,169.9,27.73,111.6,0.0,0.0
2022-06-28,20263.2196393922,283.54,82.53,169.62,27.89,112.12,0.0,0.0
2022-06-29,20080.9480864991,283.8,82.63,169.49,28.05,113.87,0.0,0.0
2022-06-30,19332.9121294565,280.28,82.79,168.46,27.96,114.87,0.0,0.0
2022-07-01,19341.8631240795,282.13,82.96,168.32,28.05,115.82,0.0,0.078997
2022-07-02,19231.8317083577,,,,,,0.0,0.0
2022-07-03,19276.5146639392,,,,,,0.0,0.0
2022-07-04,20226.2984745763,,,,,,0.0,0.0
2022-07-05,20193.3427938048,286.96,82.95,164.75,28.45,116.73,0.0,0.0
2022-07-06,20560.8438126826,288.8,82.72,162.14,28.58,114.77,0.0,0.0
2022-07-07,21651.4191423144,294.98,82.66,162.23,28.59,113.76,0.0,0.0
2022-07-08,21813.7871239042,295.35,82.56,162.3,28.57,112.5,0.0,0.0
2022-07-09,21585.1321922852,,,,,,0.0,0.0
2022-07-10,20831.2733915839,,,,,,0.0,0.0
2022-07-11,19971.3294704851,289.04,82.59,161.43,28.9,114.44,0.0,0.0
2022-07-12,19339.1534734074,286.24,82.63,160.83,28.89,115.12,0.0,0.0
2022-07-13,20155.5278386908,285.65,82.54,161.6,28.83,116.44,0.0,0.0
2022-07-14,20552.8990289304,286.67,82.51,159.33,29.03,115.49,0.0,0.0
2022-07-15,20831.722700526,291.87,82.57,159.01,28.86,116.14,0.0,0.0
2022-07-16,21196.5091428989,,,,,,0.0,0.0
2022-07-17,20827.8886085915,,,,,,0.0,0.0
2022-07-18,22305.7066428989,289.4,82.52,159.16,28.7,114.93,0.0,0.0
2022-07-19,23371.2026601403,298.3,82.43,159.54,28.52,114.31,0.0,0.0
2022-07-20,23280.9356680304,303.03,82.42,158.04,28.6,114.61,0.0,0.0
2022-07-21,23152.4093112215,307.38,82.65,160.27,28.52,116.59,0.0,0.0
2022-07-22,22706.0835554646,301.99,82.86,160.67,28.48,118.55,0.0,0.0
2022-07-23,22484.4592317358,,,,,,0.0,0.0
2022-07-24,22653.3570260082,,,,,,0.0,0.0
2022-07-25,21510.1255874342,300.27,82.79,160.23,28.44,117.39,0.0,0.0
2022-07-26,21181.6591967855,294.37,82.75,160.04,28.66,117.48,0.0,0.0
2022-07-27,22898.4150683226,306.81,82.88,161.67,28.42,116.82,0.0,0.0
2022-07-28,23838.5568838691,309.81,83.06,163.64,28.4,117.75,0.0,0.0
2022-07-29,23950.7403798948,315.46,83.05,164.1,28.29,117.43,0.0,0.0
2022-07-30,23623.4349611338,,,,,,0.0,0.0
2022-07-31,23356.1722215079,,,,,,0.0,0.0
2022-08-01,23331.4426969608,315.27,82.96,165.03,28.18,120.04,0.0,0.088246
2022-08-02,23031.4268834015,314.33,82.67,164.05,28.36,117.5,0.0,0.0
2022-08-03,22809.7474418469,322.89,82.7,164.45,28.44,119.35,0.0,0.0
2022-08-04,22628.3320821157,324.4,82.81,167.17,28.26,119.31,0.0,0.0
2022-08-05,23248.9715023378,321.75,82.47,165.29,28.5,116.47,0.0,0.0
2022-08-06,22996.2750452952,,,,,,0.0,0.0
2022-08-07,23153.6584713618,,,,,,0.0,0.0
2022-08-08,23803.6505154296,320.71,82.55,166.69,28.46,118.35,0.0,0.0
2022-08-09,23186.2917464641,317.08,82.47,167.2,28.43,117.89,0.0,0.0
2022-08-10,23923.0584830508,325.93,82.55,166.78,28.12,117.12,0.0,0.0
2022-08-11,23934.4390561075,324.08,82.52,166.34,28.14,114.39,0.0,0.0
2022-08-12,24396.3088462887,330.39,82.54,167.87,28.25,115.55,0.0,0.0
2022-08-13,24426.2225748101,,,,,,0.0,0.0
2022-08-14,24314.2021315021,,,,,,0.0,0.0
2022-08-15,24083.9539748685,333.06,82.61,165.71,28.5,115.45,0.0,0.0
2022-08-16,23868.8193530099,332.28,82.54,165.42,28.49,115.93,0.0,0.0
2022-08-17,23336.3489310345,328.49,82.47,164.35,28.53,114.72,0.0,0.0
2022-08-18,23221.1706028638,329.28,82.59,163.92,28.75,114.89,0.0,0.0
2022-08-19,20906.7663141438,322.86,82.53,162.72,28.93,113.04,0.0,0.0
2022-08-20,21146.6548021625,,,,,,0.0,0.0
2022-08-21,21553.9961717125,,,,,,0.0,0.0
2022-08-22,21301.0840581531,314.36,82.42,161.64,29.17,112.66,0.0,0.0
2022-08-23,21534.5143521333,314.1,82.46,162.77,29.05,112.04,0.0,0.0
2022-08-24,21424.9728232028,315.01,82.37,163.25,29.07,111.22,0.0,0.0
2022-08-25,21587.8395844535,320.58,82.42,163.75,29.02,112.77,0.0,0.0
2022-08-26,20246.1655733489,307.44,82.4,161.76,29.13,113.62,0.0,0.0
2022-08-27,20043.9909485681,,,,,,0.0,0.0
2022-08-28,19673.5412188778,,,,,,0.0,0.0
2022-08-29,20270.960383986,304.41,82.34,161.86,29.14,112.68,0.0,0.0
2022-08-30,19825.4632066043,301.02,82.3,160.51,29.13,112.96,0.0,0.0
2022-08-31,20024.6716059614,299.27,82.29,159.27,29.11,111.88,0.0,0.0
2022-09-01,20105.4626072472,299.4,82.13,157.87,29.37,109.6,0.0,0.100482
2022-09-02,19948.8567472823,295.17,82.31,159.26,29.38,110.22,0.0,0.0
2022-09-03,19803.8332697253,,,,,,0.0,0.0
2022-09-04,19961.9118907072,,,,,,0.0,0.0
2022-09-05,19797.7967884278,,,,,,0.0,0.0
2022-09-06,18846.150537405,293.05,82.13,158.33,29.55,107.49,0.0,0.0
2022-09-07,19292.9070745178,298.97,82.25,159.94,29.34,109.19,0.0,0.0
2022-09-08,19319.1248512566,300.52,82.15,158.98,29.4,108.07,0.0,0.0
2022-09-09,21363.3136152542,307.09,82.08,159.82,29.19,108.31,0.0,0.0
2022-09-10,21715.2107980713,,,,,,0.0,0.0
2022-09-11,21732.7705686733,,,,,,0.0,0.0
2022-09-12,22365.2145601987,310.74,82.07,160.63,29.04,107.42,0.0,0.0
2022-09-13,20165.0421607247,293.7,81.79,158.54,29.44,107.67,0.0,0.0
2022-09-14,20246.3660424313,296.03,81.72,157.93,29.38,108.04,0.0,0.0
2022-09-15,19696.8698661601,291.1,81.63,154.98,29.4,107.97,0.0,0.0
2022-09-16,19741.5776168907,289.32,81.67,155.84,29.4,107.07,0.0,0.0
2022-09-17,20120.7023459965,,,,,,0.0,0.0
2022-09-18,19427.1002626534,,,,,,0.0,0.0
2022-09-19,19557.9769582116,291.05,81.58,155.96,29.38,107.32,0.51856,0.0
2022-09-20,18872.9498667446,288.73,81.54,155.07,29.52,106.25,0.0,0.0
2022-09-21,18506.7607481005,283.56,81.47,155.79,29.81,108.03,0.0,0.0
2022-09-22,19414.5396449445,280.07,81.32,155.7,29.85,105.27,0.0,0.0
2022-09-23,19326.8648199883,275.51,81.22,153.01,30.32,105.7,0.0,0.0
2022-09-24,18924.7677872589,,,,,,0.0,0.0
2022-09-25,18793.1561531268,,,,,,0.0,0.0
2022-09-26,19201.1317209234,274.37,81.04,151.23,30.66,103.68,0.0,0.0
2022-09-27,19106.7389135009,274.48,81.04,151.54,30.67,100.95,0.0,0.0
2022-09-28,19454.937210111,279.94,81.39,154.69,30.27,104.33,0.0,0.0
2022-09-29,19540.8664105786,271.87,81.28,154.66,30.15,103.79,0.0,0.0
2022-09-30,19435.1946917008,267.26,81.21,154.67,30.15,102.45,0.0,0.0
2022-10-01,19311.861629398,,,,,,0.0,0.0
2022-10-02,19015.2928050847,,,,,,0.0,0.0
2022-10-03,19633.4325859147,273.53,81.28,158.43,30.01,103.83,0.0,0.108023
2022-10-04,20339.9712811221,282.13,81.31,160.7,29.6,103.54,0.0,0.0
2022-10-05,20155.0996987142,281.98,81.23,159.81,29.88,102.55,0.0,0.0
2022-10-06,19950.5477957335,279.76,81.13,159.63,30.18,101.98,0.0,0.0
2022-10-07,19539.1439216832,269.1,81.03,157.88,30.3,100.99,0.0,0.0
2022-10-08,19416.1772291058,,,,,,0.0,0.0
2022-10-09,19428.3671323787,,,,,,0.0,0.0
2022-10-10,19154.4042346581,266.41,81.0,155.48,30.43,99.42,0.0,0.0
2022-10-11,19039.2820683811,262.75,81.04,155.16,30.45,99.86,0.0,0.0
2022-10-12,19156.9115645821,262.66,81.12,155.99,30.45,100.35,0.0,0.0
2022-10-13,19387.8336806546,268.82,80.88,154.91,30.25,99.39,0.0,0.0
2022-10-14,19177.6941031561,260.74,80.84,152.98,30.46,98.57,0.0,0.0
2022-10-15,19069.8749272355,,,,,,0.0,0.0
2022-10-16,19261.7497878434,,,,,,0.0,0.0
2022-10-17,19557.0218106371,269.35,80.93,153.42,30.15,98.09,0.0,0.0
2022-10-18,19341.4075543542,271.48,80.97,153.75,30.13,98.32,0.0,0.0
2022-10-19,19132.1544254822,270.49,80.82,151.69,30.35,96.53,0.0,0.0
2022-10-20,19033.3760239626,269.11,80.73,151.45,30.37,94.88,0.0,0.0
2022-10-21,19174.8763487434,275.42,80.94,154.15,30.11,93.17,0.0,0.0
2022-10-22,19207.6285078901,,,,,,0.0,0.0
2022-10-23,19565.4123243717,,,,,,0.0,0.0
2022-10-24,19341.460210111,278.45,80.92,153.65,30.14,92.4,0.0,0.0
2022-10-25,20094.9611215663,284.21,81.0,154.0,29.81,95.09,0.0,0.0
2022-10-26,20797.0308258328,277.93,81.07,154.98,29.5,96.46,0.0,0.0
2022-10-27,20280.1751280538,272.87,81.24,154.74,29.73,97.47,0.0,0.0
2022-10-28,20604.6138535944,281.22,81.12,153.16,29.78,96.8,0.0,0.0
2022-10-29,20803.8999205143,,,,,,0.0,0.0
2022-10-30,20616.7033766803,,,,,,0.0,0.0
2022-10-31,20490.8581808884,277.95,81.0,151.91,30.03,96.11,0.0,0.0
2022-11-01,20483.966530976,275.11,80.78,153.46,30.02,96.77,0.0,0.14069
2022-11-02,20148.2845537697,265.68,80.74,152.39,30.15,96.35,0.0,0.0
2022-11-03,20198.1111860316,260.49,80.59,151.81,30.4,95.83,0.0,0.0
2022-11-04,21157.2449275278,264.68,80.68,156.47,29.83,94.22,0.0,0.0
2022-11-05,21283.4715999416,,,,,,0.0,0.0
2022-11-06,20946.8030359439,,,,,,0.0,0.0
2022-11-07,20568.5651183518,267.59,80.61,155.85,29.66,93.28,0.0,0.0
2022-11-08,18520.971163647,269.54,80.69,159.45,29.53,94.3,0.0,0.0
2022-11-09,15758.2912819988,263.32,80.82,158.65,29.75,94.61,0.0,0.0
2022-11-10,17541.5602866745,282.75,81.26,163.48,29.07,98.25,0.0,0.0
2022-11-11,16916.8506312098,287.96,81.24,164.56,28.65,97.89,0.0,0.0
2022-11-12,16771.2426718293,,,,,,0.0,0.0
2022-11-13,16320.4983375219,,,,,,0.0,0.0
2022-11-14,16629.4784146698,285.44,81.17,164.92,28.78,97.65,0.0,0.0
2022-11-15,16855.59378609,289.39,81.25,165.5,28.68,99.23,0.0,0.0
2022-11-16,16659.6063345996,285.44,81.26,165.12,28.62,101.4,0.0,0.0
2022-11-17,16675.1790204559,284.81,81.16,163.92,28.73,100.33,0.0,0.0
2022-11-18,16661.5229576271,284.82,81.07,162.79,28.81,99.64,0.0,0.0
2022-11-19,16696.0040581531,,,,,,0.0,0.0
2022-11-20,16246.8446992987,,,,,,0.0,0.0
2022-11-21,15778.0174047341,281.89,81.05,161.88,29.06,100.06,0.0,0.0
2022-11-22,16172.8893445354,285.95,81.11,162.07,28.88,101.48,0.0,0.0
2022-11-23,16574.0617299825,288.82,81.18,163.08,28.58,103.25,0.0,0.0
2022-11-24,16583.5243445354,,,,,,0.0,0.0
2022-11-25,16522.3887767388,286.92,81.19,163.22,28.58,102.9,0.0,0.0
2022-11-26,16448.6413077148,,,,,,0.0,0.0
2022-11-27,16436.0707688486,,,,,,0.0,0.0
2022-11-28,16212.5814161309,282.71,81.21,161.93,28.79,103.19,0.0,0.0
2022-11-29,16443.0368199883,280.57,81.18,162.73,28.84,101.98,0.0,0.0
2022-11-30,17176.8986914085,293.36,81.42,164.81,28.61,102.73,0.0,0.0
2022-12-01,16961.2918042081,293.72,81.43,167.84,28.26,105.76,0.0,0.165441
2022-12-02,17075.1091370544,292.55,81.41,167.26,28.23,107.09,0.0,0.0
2022-12-03,16899.5073831093,,,,,,0.0,0.0
2022-12-04,17121.7149824664,,,,,,0.0,0.0
2022-12-05,16961.3517866745,287.64,81.18,164.39,28.46,105.59,0.0,0.0
2022-12-06,17070.5158281707,281.68,81.27,164.84,28.48,106.95,0.0,0.0
2022-12-07,16848.2518243717,280.53,81.44,166.33,28.39,109.47,0.0,0.0
2022-12-08,17231.4563223261,283.85,81.36,166.47,28.3,109.17,0.0,0.0
2022-12-09,17136.1490008767,282.04,81.32,167.06,28.36,106.33,0.0,0.0
2022-12-10,17124.2146797195,,,,,,0.0,0.0
2022-12-11,17094.3606592636,,,,,,0.0,0.0
2022-12-12,17195.5249962011,285.58,81.27,165.68,28.38,106.67,0.0,0.0
2022-12-13,17774.9166320865,288.65,81.51,168.51,28.13,107.7,0.0,0.0
2022-12-14,17809.7240835769,286.51,81.52,168.1,28.0,108.16,0.0,0.0
2022-12-15,17344.0544569258,276.89,81.35,165.35,28.26,108.32,0.0,0.180684
2022-12-16,16606.1101750438,274.25,81.43,166.79,28.31,107.11,0.0,0.0
2022-12-17,16774.3853702513,,,,,,0.0,0.0
2022-12-18,16776.1159254822,,,,,,0.0,0.0
2022-12-19,16424.1313857393,269.75,81.33,166.32,28.07,105.31,0.65541,0.0
2022-12-20,16901.8169362946,269.54,81.33,169.08,27.88,103.44,0.0,0.0
2022-12-21,16800.5329707773,273.45,81.41,168.8,27.95,103.7,0.0,0.0
2022-12-22,16814.2225791935,266.76,81.36,166.76,27.99,103.68,0.0,0.0
2022-12-23,16780.5169798363,267.36,81.32,167.26,27.98,102.16,0.0,0.0
2022-12-24,16837.612170076,,,,,,0.0,0.0
2022-12-25,16824.8389736996,,,,,,0.0,0.0
2022-12-26,16879.9382273524,,,,,,0.0,0.0
2022-12-27,16698.9112708942,263.58,81.21,168.67,27.97,100.14,0.0,0.0
2022-12-28,16536.2942001753,260.1,81.21,167.91,28.07,99.55,0.0,0.0
2022-12-29,16630.5931551724,266.44,81.27,168.85,27.9,100.68,0.0,0.0
2022-12-30,16593.6888287551,266.28,81.17,169.64,27.81,99.56,0.0,0.0
2022-12-31,16524.2178024547,,,,,,0.0,0.0
2023-01-01,16606.7520432496,,,,,,0.0,0.0
2023-01-02,16688.7192729398,,,,,,0.0,0.0
2023-01-03,16670.0773836937,264.48,81.24,171.06,28.11,101.46,0.0,0.0
2023-01-04,16848.3660391584,265.74,81.32,172.67,28.01,102.85,0.0,0.0
2023-01-05,16824.8001826417,261.58,81.21,170.52,28.27,103.28,0.0,0.0
2023-01-06,16957.8622738165,268.8,81.52,173.71,27.9,105.18,0.0,0.0
2023-01-07,16942.6285891292,,,,,,0.0,0.0
2023-01-08,17059.2399444769,,,,,,0.0,0.0
2023-01-09,17182.3198521333,270.54,81.6,174.1,27.73,105.74,0.0,0.0
2023-01-10,17433.9146320865,272.83,81.53,174.74,27.75,103.99,0.0,0.0
2023-01-11,17833.7107656341,277.55,81.6,174.62,27.75,105.68,0.0,0.0
2023-01-12,18869.7044842198,279.05,81.78,176.64,27.48,107.76,0.0,0.0
2023-01-13,19868.7247454705,280.97,81.64,178.76,27.47,106.75,0.0,0.0
2023-01-14,21010.9227200468,,,,,,0.0,0.0
2023-01-15,20876.0085561075,,,,,,0.0,0.0
2023-01-16,21180.4119485681,,,,,,0.0,0.0
2023-01-17,21178.2993962595,281.54,81.69,177.59,27.55,106.06,0.0,0.0
2023-01-18,20709.6686040327,277.88,81.87,177.08,27.55,108.63,0.0,0.0
2023-01-19,21071.8334152542,275.15,81.85,179.89,27.48,107.95,0.0,0.0
2023-01-20,22660.7169421391,282.68,81.78,179.29,27.44,106.2,0.0,0.0
2023-01-21,22803.172761543,,,,,,0.0,0.0
2023-01-22,22716.2771966686,,,,,,0.0,0.0
2023-01-23,22929.0248936295,288.96,81.7,179.63,27.48,105.7,0.0,0.0
2023-01-24,22611.1268787259,288.37,81.73,180.28,27.45,107.22,0.0,0.0
2023-01-25,23109.0845189947,287.73,81.78,181.11,27.36,107.48,0.0,0.0
2023-01-26,23008.6894766219,293.34,81.73,179.47,27.43,106.98,0.0,0.0
2023-01-27,23070.4964582116,296.26,81.73,179.22,27.47,106.71,0.0,0.0
2023-01-28,23008.8094649328,,,,,,0.0,0.0
2023-01-29,23774.9963679135,,,,,,0.0,0.0
2023-01-30,22799.427261543,290.27,81.65,178.76,27.57,106.32,0.0,0.0
2023-01-31,23130.0519132087,294.62,81.8,179.41,27.51,107.17,0.0,0.0
2023-02-01,23727.2026075395,300.92,81.79,181.67,27.25,108.18,0.0,0.152447
2023-02-02,23505.6048430742,311.72,81.8,177.9,27.43,108.32,0.0,0.0
2023-02-03,23445.8131773816,306.18,81.5,173.46,27.79,106.7,0.0,0.0
2023-02-04,23355.5243863238,,,,,,0.0,0.0
2023-02-05,22957.2251905319,,,,,,0.0,0.0
2023-02-06,22745.1650371128,303.59,81.27,173.82,27.95,105.91,0.0,0.0
2023-02-07,23266.2692036821,309.88,81.31,173.98,27.9,105.06,0.0,0.0
2023-02-08,22937.5799453536,304.37,81.34,174.41,27.93,105.56,0.0,0.0
2023-02-09,21818.1989456458,301.68,81.28,173.03,27.89,104.56,0.0,0.0
2023-02-10,21620.5667837522,299.7,81.24,173.36,27.98,103.39,0.0,0.0
2023-02-11,21864.8626414378,,,,,,0.0,0.0
2023-02-12,21772.1373252484,,,,,,0.0,0.0
2023-02-13,21798.7157168323,304.5,81.26,172.48,27.9,104.26,0.0,0.0
2023-02-14,22222.415043834,306.75,81.09,172.61,27.88,104.02,0.0,0.0
2023-02-15,24304.6129827586,309.1,81.1,170.89,28.07,103.05,0.0,0.0
2023-02-16,23742.4488354763,303.3,81.11,170.75,28.11,101.59,0.0,0.0
2023-02-17,24607.3356054939,301.16,81.18,171.26,28.09,102.38,0.0,0.0
2023-02-18,24636.5266127995,,,,,,0.0,0.0
2023-02-19,24366.9907606663,,,,,,0.0,0.0
2023-02-20,24797.8430359439,,,,,,0.0,0.0
2023-02-21,24400.3893898305,294.03,81.02,170.62,28.18,100.39,0.0,0.0
2023-02-22,24163.7389812975,294.25,81.06,169.66,28.27,101.31,0.0,0.0
2023-02-23,23910.0342104033,296.82,81.11,169.57,28.28,102.3,0.0,0.0
2023-02-24,23175.8242036821,291.85,80.94,168.35,28.49,100.97,0.0,0.0
2023-02-25,23159.8154403857,,,,,,0.0,0.0
2023-02-26,23542.0964281122,,,,,,0.0,0.0
2023-02-27,23504.1894178843,293.94,81.01,169.01,28.34,101.25,0.0,0.0
2023-02-28,23145.9491277031,293.56,80.99,169.78,28.42,101.71,0.0,0.0
2023-03-01,23610.6590902981,291.2,80.68,170.76,28.27,100.37,0.0,0.162288
2023-03-02,23470.0254815897,293.61,80.71,170.66,28.42,99.48,0.0,0.0
2023-03-03,22350.0962340736,299.68,80.76,172.49,28.31,101.89,0.0,0.0
2023-03-04,22334.2852638808,,,,,,0.0,0.0
2023-03-05,22419.8171390999,,,,,,0.0,0.0
2023-03-06,22414.7033056692,300.02,80.72,171.62,28.27,101.1,0.0,0.0
2023-03-07,22174.6484725307,296.34,80.55,168.62,28.62,101.72,0.0,0.0
2023-03-08,21701.3846227352,297.82,80.51,168.54,28.61,101.82,0.0,0.0
2023-03-09,20349.8141732905,292.66,80.77,170.2,28.53,102.07,0.0,0.0
2023-03-10,20240.406694623,288.55,81.21,173.87,28.35,105.59,0.0,0.0
2023-03-11,20585.2343290473,,,,,,0.0,0.0
2023-03-12,22065.9800359439,,,,,,0.0,0.0
2023-03-13,24154.4290946815,290.69,82.02,177.86,28.09,105.83,0.0,0.0
2023-03-14,24769.0175691409,297.37,81.71,176.83,28.09,104.09,0.0,0.0
2023-03-15,24409.8017518995,298.93,82.19,178.21,28.39,106.1,0.0,0.0
2023-03-16,25043.2388468732,306.81,81.86,178.57,28.36,105.27,0.0,0.0
2023-03-17,27450.6282933957,305.36,82.27,183.77,28.2,106.85,0.0,0.0
2023-03-18,26985.7359915254,,,,,,0.0,0.0
2023-03-19,28185.2043319696,,,,,,0.0,0.0
2023-03-20,27834.3361090006,305.97,82.17,183.84,28.04,105.91,0.47223,0.0
2023-03-21,28172.7950558153,310.34,81.86,180.37,28.03,105.0,0.0,0.0
2023-03-22,27341.5571297487,306.12,82.24,183.44,27.82,106.4,0.0,0.0
2023-03-23,28387.8897495617,309.75,82.48,185.74,27.86,106.4,0.0,0.0
2023-03-24,27464.1249453536,310.89,82.52,183.65,28.03,106.85,0.0,0.0
2023-03-25,27488.954880187,,,,,,0.0,0.0
2023-03-26,28049.3916911163,,,,,,0.0,0.0
2023-03-27,27154.9963702513,308.76,82.17,181.95,27.94,104.34,0.0,0.0
2023-03-28,27283.9634029807,307.12,82.08,183.44,27.84,104.53,0.0,0.0
2023-03-29,28389.2917784921,312.72,82.05,182.53,27.91,104.32,0.0,0.0
2023-03-30,28021.5583009936,315.68,82.06,184.18,27.78,104.8,0.0,0.0
2023-03-31,28514.6813062537,320.93,82.16,183.22,27.88,106.37,0.0,0.0
2023-04-01,28494.5638863238,,,,,,0.0,0.0
2023-04-02,28161.9980362361,,,,,,0.0,0.0
2023-04-03,27850.9799436002,320.15,82.08,184.54,27.75,106.6,0.0,0.180173
2023-04-04,28113.9585187025,319.07,82.27,187.98,27.64,107.13,0.0,0.0
2023-04-05,28190.3116063705,315.92,82.38,187.83,27.72,108.25,0.0,0.0
2023-04-06,28049.0744763296,318.05,82.35,186.49,27.74,108.53,0.0,0.0
2023-04-07,27936.8042609585,,,,,,0.0,0.0
2023-04-08,27964.0512498539,,,,,,0.0,0.0
2023-04-09,28357.8072703098,,,,,,0.0,0.0
2023-04-10,29687.5651846873,317.87,82.06,185.11,27.9,106.78,0.0,0.0
2023-04-11,30247.0959193454,315.83,82.05,186.28,27.8,107.0,0.0,0.0
2023-04-12,29913.0035463472,313.04,82.14,187.19,27.65,106.89,0.0,0.0
2023-04-13,30370.82207218,319.17,82.19,189.72,27.52,106.05,0.0,0.0
2023-04-14,30458.9700414962,318.57,82.0,186.36,27.68,105.08,0.0,0.0
2023-04-15,30342.0591084161,,,,,,0.0,0.0
2023-04-16,30312.9308533022,,,,,,0.0,0.0
2023-04-17,29469.5050727645,318.84,81.88,185.53,27.82,103.83,0.0,0.0
2023-04-18,30366.8723813559,318.86,81.86,186.25,27.72,104.2,0.0,0.0
2023-04-19,28796.7440952659,318.71,81.79,185.36,27.78,104.1,0.0,0.0
2023-04-20,28251.2763790181,316.28,81.99,186.09,27.78,104.99,0.0,0.0
2023-04-21,27292.0211052016,316.61,81.94,184.25,27.75,104.4,0.0,0.0
2023-04-22,27827.5475920514,,,,,,0.0,0.0
2023-04-23,27604.6855742256,,,,,,0.0,0.0
2023-04-24,27520.1996729982,315.95,82.03,184.81,27.66,105.41,0.0,0.0
2023-04-25,28302.6942180012,309.99,82.35,185.75,27.79,106.96,0.0,0.0
2023-04-26,28384.2340333139,311.87,82.25,184.74,27.7,105.82,0.0,0.0
2023-04-27,29465.5514272355,320.35,82.09,184.75,27.71,104.77,0.0,0.0
2023-04-28,29350.811886616,322.56,82.18,184.8,27.75,106.46,0.0,0.0
2023-04-29,29221.5145075979,,,,,,0.0,0.0
2023-04-30,29362.0867974868,,,,,,0.0,0.0
2023-05-01,28114.9531873174,322.19,81.81,183.97,27.89,103.13,0.0,0.191171
2023-05-02,28690.5809959088,319.38,82.08,187.52,27.82,105.7,0.0,0.0
2023-05-03,29045.0427735243,317.29,82.28,189.11,27.67,106.29,0.0,0.0
2023-05-04,28855.8574465225,316.17,82.41,190.44,27.7,105.24,0.0,0.0
2023-05-05,29552.9695236704,322.89,82.21,187.46,27.66,104.89,0.0,0.0
2023-05-06,28899.4629602572,,,,,,0.0,0.0
2023-05-07,28761.738434249,,,,,,0.0,0.0
2023-05-08,27727.2854091175,323.69,82.08,187.69,27.7,103.42,0.0,0.0
2023-05-09,27642.4281092928,321.64,82.06,189.02,27.79,103.05,0.0,0.0
2023-05-10,27646.004902104,325.14,82.26,188.75,27.74,104.05,0.0,0.0
2023-05-11,26986.271065751,326.2,82.31,187.13,27.92,105.15,0.0,0.0
2023-05-12,26773.3443591467,325.03,82.17,186.81,28.1,104.27,0.0,0.0
2023-05-13,26841.3982913501,,,,,,0.0,0.0
2023-05-14,26918.261597896,,,,,,0.0,0.0
2023-05-15,27231.6216052016,326.79,82.18,187.21,28.02,103.19,0.0,0.0
2023-05-16,27025.7181864407,327.16,82.08,184.87,28.09,102.88,0.0,0.0
2023-05-17,27401.0440610754,331.12,81.99,184.23,28.14,102.58,0.0,0.0
2023-05-18,26843.2350938048,337.27,81.84,181.84,28.35,101.82,0.0,0.0
2023-05-19,26889.503631502,336.51,81.78,183.64,28.27,101.1,0.0,0.0
2023-05-20,27100.8582878434,,,,,,0.0,0.0
2023-05-21,26777.0977831677,,,,,,0.0,0.0
2023-05-22,26858.7370637054,337.64,81.75,183.21,28.29,100.74,0.0,0.0
2023-05-23,27226.8558763881,333.36,81.74,183.43,28.37,101.03,0.0,0.0
2023-05-24,26341.4306446522,331.65,81.64,181.95,28.47,100.53,0.0,0.0
2023-05-25,26484.8359234366,339.72,81.46,180.2,28.6,100.28,0.0,0.0
2023-05-26,26720.3838071303,348.4,81.44,180.92,28.59,101.09,0.0,0.0
2023-05-27,26854.5403702513,,,,,,0.0,0.0
2023-05-28,28097.5211259497,,,,,,0.0,0.0
2023-05-29,27765.0728693746,,,,,,0.0,0.0
2023-05-30,27712.4915844535,349.98,81.6,182.04,28.56,102.1,0.0,0.0
2023-05-31,27217.6832580362,347.99,81.68,182.32,28.61,102.99,0.0,0.0
2023-06-01,26825.3713451198,352.01,81.61,183.76,28.27,103.12,0.0,0.197052
2023-06-02,27255.2279941555,354.65,81.38,181.05,28.57,101.99,0.0,0.0
2023-06-03,27079.4084643483,,,,,,0.0,0.0
2023-06-04,27158.25456955,,,,,,0.0,0.0
2023-06-05,25785.8514842198,354.9,81.4,182.14,28.52,101.8,0.0,0.0
2023-06-06,27213.7705187025,354.84,81.36,182.34,28.61,102.4,0.0,0.0
2023-06-07,26339.5790292227,348.82,81.3,180.15,28.62,100.88,0.0,0.0
2023-06-08,26521.693600526,353.15,81.43,182.53,28.39,102.06,0.0,0.0
2023-06-09,26470.6775780245,354.5,81.28,182.04,28.48,101.92,0.0,0.0
2023-06-10,25863.2138506721,,,,,,0.0,0.0
2023-06-11,25906.8281516657,,,,,,0.0,0.0
2023-06-12,25906.7519354179,360.49,81.35,181.88,28.49,102.22,0.0,0.0
2023-06-13,25880.8599734074,363.26,81.2,180.54,28.4,101.21,0.0,0.0
2023-06-14,25097.5853796026,365.9,81.15,180.64,28.26,102.02,0.0,0.0
2023-06-15,25559.1433293396,370.26,81.32,181.91,28.1,103.0,0.0,0.0
2023-06-16,26331.8200943892,367.93,81.21,181.63,28.15,102.6,0.0,0.0
2023-06-17,26514.1713495032,,,,,,0.0,0.0
2023-06-18,26353.962682934,,,,,,0.0,0.0
2023-06-19,26778.0634415547,,,,,,0.0,0.0
2023-06-20,28305.4204573349,366.9,81.24,179.75,28.23,103.31,0.50395,0.0
2023-06-21,30099.5153509643,361.9,81.24,179.49,28.1,103.56,0.0,0.0
2023-06-22,29952.5112866745,366.17,81.15,177.71,28.2,102.31,0.0,0.0
2023-06-23,30638.3537644652,362.54,81.22,178.2,28.35,103.33,0.0,0.0
2023-06-24,30549.0162872589,,,,,,0.0,0.0
2023-06-25,30467.4403705435,,,,,,0.0,0.0
2023-06-26,30255.8861241964,357.68,81.28,178.51,28.32,103.44,0.0,0.0
2023-06-27,30667.0762948568,363.83,81.16,177.69,28.25,103.17,0.0,0.0
2023-06-28,30104.0432717709,364.54,81.25,177.28,28.38,103.61,0.0,0.0
2023-06-29,30460.792978083,363.81,81.05,177.09,28.5,101.74,0.0,0.0
2023-06-30,30484.503257744,369.42,81.08,178.27,28.38,102.94,0.0,0.0
2023-07-01,30581.6889655172,,,,,,0.0,0.0
2023-07-02,30594.2164736996,,,,,,0.0,0.0
2023-07-03,31135.3575993571,370.29,80.78,178.47,28.41,102.08,0.0,0.206016
2023-07-04,30799.9474558738,,,,,,0.0,0.0
2023-07-05,30497.8221282876,370.28,80.76,177.84,28.54,101.11,0.0,0.0
2023-07-06,29979.7298094681,367.46,80.71,177.31,28.47,99.68,0.0,0.0
2023-07-07,30329.8829786674,366.24,80.8,178.64,28.23,99.08,0.0,0.0
2023-07-08,30263.6196341321,,,,,,0.0,0.0
2023-07-09,30163.2210563998,,,,,,0.0,0.0
2023-07-10,30394.6555806546,366.36,80.92,178.78,28.16,99.21,0.0,0.0
2023-07-11,30616.247094097,368.17,80.91,179.45,28.09,99.72,0.0,0.0
2023-07-12,30385.6087852133,372.82,81.15,181.88,27.76,100.83,0.0,0.0
2023-07-13,31434.7354704851,379.15,81.38,182.01,27.57,101.89,0.0,0.0
2023-07-14,30310.6720204559,379.07,81.17,181.43,27.62,101.29,0.0,0.0
2023-07-15,30290.8905958504,,,,,,0.0,0.0
2023-07-16,30249.7729658095,,,,,,0.0,0.0
2023-07-17,30143.7462744009,382.61,81.2,181.56,27.59,101.34,0.0,0.0
2023-07-18,29835.7474076563,385.74,81.2,183.64,27.61,101.8,0.0,0.0
2023-07-19,29913.0294646406,385.65,81.23,183.67,27.72,102.95,0.0,0.0
2023-07-20,29805.6065707189,376.76,81.13,182.74,27.88,101.7,0.0,0.0
2023-07-21,29919.6934921099,375.63,81.14,182.18,27.96,101.73,0.0,0.0
2023-07-22,29726.0096271186,,,,,,0.0,0.0
2023-07-23,30066.5724482759,,,,,,0.0,0.0
2023-07-24,29178.3597042665,376.23,81.04,181.4,28.06,101.36,0.0,0.0
2023-07-25,29221.2548533022,378.78,81.03,182.41,28.03,101.17,0.0,0.0
2023-07-26,29361.5917580362,377.52,81.11,183.3,27.95,101.27,0.0,0.0
2023-07-27,29201.6865175336,376.62,80.99,180.42,28.21,99.3,0.0,0.0
2023-07-28,29316.3130751023,383.48,81.1,181.86,28.17,99.81,0.0,0.0
2023-07-29,29360.376179135,,,,,,0.0,0.0
2023-07-30,29262.8367337814,,,,,,0.0,0.0
2023-07-31,29219.8201887785,383.68,81.12,182.35,28.22,100.05,0.0,0.0
2023-08-01,29499.5875385739,382.79,80.84,180.46,28.35,98.14,0.0,0.211834
2023-08-02,29143.1519620105,374.39,80.88,179.6,28.45,97.09,0.0,0.0
2023-08-03,29192.3448617767,373.79,80.91,179.54,28.43,94.85,0.0,0.0
2023-08-04,29057.2532437171,372.04,81.07,180.19,28.29,96.53,0.0,0.0
2023-08-05,29053.0956975453,,,,,,0.0,0.0
2023-08-06,29048.0433275862,,,,,,0.0,0.0
2023-08-07,29164.3585873758,375.19,81.1,179.78,28.31,95.58,0.0,0.0
2023-08-08,29779.511383986,372.0,81.14,178.64,28.44,96.69,0.0,0.0
2023-08-09,29582.9442375804,367.91,81.09,177.79,28.46,97.19,0.0,0.0
2023-08-10,29430.1599117475,368.59,81.05,177.6,28.51,95.59,0.0,0.0
2023-08-11,29399.784739626,366.24,80.97,177.6,28.57,95.37,0.0,0.0
2023-08-12,29415.733902104,,,,,,0.0,0.0
2023-08-13,29286.1176110462,,,,,,0.0,0.0
2023-08-14,29408.9717127411,370.35,80.9,177.06,28.67,95.16,0.0,0.0
2023-08-15,29167.59721654,366.42,80.93,176.59,28.68,94.58,0.0,0.0
2023-08-16,28754.2924079486,362.54,80.89,175.57,28.76,93.84,0.0,0.0
2023-08-17,26660.5627264757,358.58,80.98,175.3,28.75,93.44,0.0,0.0
2023-08-18,26037.3658474576,358.13,81.01,175.33,28.77,93.77,0.0,0.0
2023-08-19,26093.981808007,,,,,,0.0,0.0
2023-08-20,26176.4721642315,,,,,,0.0,0.0
2023-08-21,26128.9050160725,363.9,80.92,175.81,28.74,92.52,0.0,0.0
2023-08-22,25978.2096914085,363.38,80.88,176.1,28.84,93.23,0.0,0.0
2023-08-23,26452.1935882525,369.11,81.03,177.89,28.74,95.54,0.0,0.0
2023-08-24,26126.7943331385,361.22,80.98,177.85,28.97,94.91,0.0,0.0
2023-08-25,26040.881255114,364.02,80.93,177.62,29.01,95.22,0.0,0.0
2023-08-26,26006.1740800701,,,,,,0.0,0.0
2023-08-27,26086.3612594974,,,,,,0.0,0.0
2023-08-28,26103.2765730567,366.76,80.98,178.13,28.96,95.32,0.0,0.0
2023-08-29,27672.2221306254,374.77,81.16,179.87,28.8,96.31,0.0,0.0
2023-08-30,27298.997779661,376.86,81.16,180.32,28.75,96.21,0.0,0.0
2023-08-31,25954.8665935126,377.99,81.24,180.02,28.89,96.64,0.0,0.0
2023-09-01,25802.7885298071,377.59,80.99,180.11,29.07,94.85,0.0,0.205809
2023-09-02,25868.2960976037,,,,,,0.0,0.0
2023-09-03,25962.5475689655,,,,,,0.0,0.0
2023-09-04,25799.5256870251,,,,,,0.0,0.0
2023-09-05,25782.3622200468,378.07,80.89,178.64,29.22,93.52,0.0,0.0
2023-09-06,25754.7902676797,374.74,80.8,177.83,29.23,93.75,0.0,0.0
2023-09-07,26210.6045637054,372.06,80.95,178.02,29.3,94.01,0.0,0.0
2023-09-08,25904.6982127411,372.58,80.91,178.08,29.33,94.37,0.0,0.0
2023-09-09,25894.6205976037,,,,,,0.0,0.0
2023-09-10,25831.4647802455,,,,,,0.0,0.0
2023-09-11,25135.0393781414,376.97,80.93,178.41,29.19,93.69,0.0,0.0
2023-09-12,25859.7018068381,372.79,80.89,177.49,29.24,94.23,0.0,0.0
2023-09-13,26226.8667524839,374.21,80.96,177.08,29.26,94.21,0.0,0.0
2023-09-14,26556.056943308,377.27,80.94,177.17,29.44,93.53,0.0,0.0
2023-09-15,26672.6160818235,370.81,80.9,178.34,29.42,92.96,0.0,0.0
2023-09-16,26555.6361031561,,,,,,0.0,0.0
2023-09-17,26502.4321189363,,,,,,0.0,0.0
2023-09-18,26764.6319064874,370.66,80.89,179.39,29.37,93.49,0.53555,0.0
2023-09-19,27215.0504848042,369.87,80.83,179.22,29.39,92.8,0.0,0.0
2023-09-20,27133.4037235535,364.54,80.78,179.35,29.44,93.09,0.0,0.0
2023-09-21,26571.5952919345,357.86,80.82,178.05,29.46,90.7,0.0,0.0
2023-09-22,26581.1476116306,357.91,80.9,178.62,29.53,91.43,0.0,0.0
2023-09-23,26575.776386616,,,,,,0.0,0.0
2023-09-24,26286.6410488019,,,,,,0.0,0.0
2023-09-25,26288.8095005845,359.61,80.87,177.7,29.64,89.18,0.0,0.0
2023-09-26,26194.5378880772,354.21,80.88,176.28,29.73,88.87,0.0,0.0
2023-09-27,26336.0825973115,355.04,80.82,174.1,29.87,88.41,0.0,0.0
2023-09-28,27033.4254415546,358.01,80.96,173.23,29.71,88.68,0.0,0.0
2023-09-29,26911.2514739918,358.27,80.97,171.45,29.73,88.69,0.0,0.0
2023-09-30,26977.6933126826,,,,,,0.0,0.0
2023-10-01,27950.1453594389,,,,,,0.0,0.0
2023-10-02,27565.8892954413,361.26,80.68,169.65,29.96,86.93,0.0,0.209062
2023-10-03,27439.1422393337,354.92,80.62,169.16,29.99,85.06,0.0,0.0
2023-10-04,27797.251176505,359.75,80.8,169.14,29.9,86.26,0.0,0.0
2023-10-05,27426.3450926359,358.69,80.88,168.83,29.8,85.83,0.0,0.0
2023-10-06,27941.9633760959,364.7,80.81,169.7,29.74,84.79,0.0,0.0
2023-10-07,27972.7515704266,,,,,,0.0,0.0
2023-10-08,27936.3261157218,,,,,,0.0,0.0
2023-10-09,27591.3467618352,366.56,81.05,172.82,29.73,86.78,0.0,0.0
2023-10-10,27419.7971803039,368.59,81.0,172.53,29.66,86.66,0.0,0.0
2023-10-11,26828.1725710111,371.22,80.98,173.79,29.66,88.47,0.0,0.0
2023-10-12,26741.3405990649,369.93,80.88,173.26,29.91,86.07,0.0,0.0
2023-10-13,26842.4467703098,365.28,80.93,178.83,29.93,87.61,0.0,0.0
2023-10-14,26861.9892375804,,,,,,0.0,0.0
2023-10-15,27130.3067092344,,,,,,0.0,0.0
2023-10-16,28506.7936741671,369.41,80.88,177.96,29.8,86.2,0.0,0.0
2023-10-17,28433.2051522501,368.2,80.7,178.29,29.81,85.25,0.0,0.0
2023-10-18,28328.0750195792,363.37,80.7,180.87,29.92,84.5,0.0,0.0
2023-10-19,28690.358041204,359.97,80.81,183.09,29.83,82.77,0.0,0.0
2023-10-20,29704.9853673291,354.6,80.94,183.59,29.84,83.24,0.0,0.0
2023-10-21,29922.5464044418,,,,,,0.0,0.0
2023-10-22,29984.1593196961,,,,,,0.0,0.0
2023-10-23,32954.1690482174,355.67,80.99,182.97,29.69,84.24,0.0,0.0
2023-10-24,33880.9566537113,359.13,80.97,182.95,29.86,85.35,0.0,0.0
2023-10-25,34488.6589210988,350.34,80.88,183.72,29.94,83.45,0.0,0.0
2023-10-26,34181.4922521917,343.66,81.04,184.01,30.01,84.73,0.0,0.0
2023-10-27,33896.938528346,345.31,81.09,186.15,29.97,84.37,0.0,0.0
2023-10-28,34091.5890327294,,,,,,0.0,0.0
2023-10-29,34574.3377206312,,,,,,0.0,0.0
2023-10-30,34495.1050207481,349.2,81.06,185.1,29.85,83.99,0.0,0.0
2023-10-31,34636.4264736996,350.87,81.03,184.09,30.03,83.58,0.0,0.0
2023-11-01,35431.9794532437,356.96,80.98,183.51,30.04,85.1,0.0,0.230349
2023-11-02,34882.9173366452,363.44,80.99,184.12,29.89,87.04,0.0,0.0
2023-11-03,34708.2218804792,367.71,81.21,184.79,29.61,87.63,0.0,0.0
2023-11-04,35091.0763062537,,,,,,0.0,0.0
2023-11-05,35105.0420265926,,,,,,0.0,0.0
2023-11-06,35017.7151484512,369.21,81.06,183.35,29.64,86.78,0.0,0.0
2023-11-07,35418.4768901227,372.7,81.12,182.59,29.74,88.06,0.0,0.0
2023-11-08,35797.8946090006,372.94,81.1,180.77,29.73,89.56,0.0,0.0
2023-11-09,36675.3264333723,370.07,80.98,181.49,29.86,87.5,0.0,0.0
2023-11-10,37367.4943722969,378.39,81.0,179.51,29.84,87.99,0.0,0.0
2023-11-11,36979.9312405026,,,,,,0.0,0.0
2023-11-12,37053.3410514319,,,,,,0.0,0.0
2023-11-13,36543.2680870836,377.21,81.03,180.51,29.8,87.79,0.0,0.0
2023-11-14,35590.6835645821,385.33,81.35,182.12,29.33,89.78,0.0,0.0
2023-11-15,37840.5534894798,385.62,81.2,181.64,29.44,88.52,0.0,0.0
2023-11-16,36160.4044509059,385.95,81.34,183.69,29.46,89.62,0.0,0.0
2023-11-17,36569.7120534775,386.04,81.28,183.67,29.3,90.04,0.0,0.0
2023-11-18,36577.4249617183,,,,,,0.0,0.0
2023-11-19,37442.7285119813,,,,,,0.0,0.0
2023-11-20,37516.0503708358,390.74,81.29,183.37,29.21,90.59,0.0,0.0
2023-11-21,36035.0330862069,388.47,81.34,185.35,29.24,90.55,0.0,0.0
2023-11-22,37403.0347168323,390.06,81.35,184.56,29.34,90.87,0.0,0.0
2023-11-23,37311.7192156634,,,,,,0.0,0.0
2023-11-24,37718.7841630625,389.51,81.29,185.52,29.21,89.8,0.0,0.0
2023-11-25,37800.1260932203,,,,,,0.0,0.0
2023-11-26,37482.7055260082,,,,,,0.0,0.0
2023-11-27,37229.2452197545,389.17,81.39,186.77,29.15,91.3,0.0,0.0
2023-11-28,37828.4655911748,390.19,81.54,189.26,29.05,91.48,0.0,0.0
2023-11-29,37846.8531227352,389.81,81.7,189.54,29.08,92.63,0.0,0.0
2023-11-30,37712.7114789597,388.83,81.65,188.75,29.29,91.56,0.0,0.0
2023-12-01,38703.5536820573,389.94,81.64,192.01,29.2,92.99,0.0,0.246988
2023-12-02,39462.2799272355,,,,,,0.0,0.0
2023-12-03,39978.2226104617,,,,,,0.0,0.0
2023-12-04,41910.2994815897,386.32,81.52,187.86,29.33,92.615,0.0,0.0
2023-12-05,44067.0054763296,387.29,81.62,187.15,29.44,94.61,0.0,0.0
2023-12-06,43745.8343907072,385.05,81.6,187.84,29.51,95.87,0.0,0.0
2023-12-07,43282.6182261835,390.43,81.66,188.15,29.35,95.32,0.0,0.0
2023-12-08,44205.0522089421,392.17,81.48,185.64,29.46,94.54,0.0,0.0
2023-12-09,43740.0063927528,,,,,,0.0,0.0
2023-12-10,43732.7120900059,,,,,,0.0,0.0
2023-12-11,41209.8947904734,395.52,81.5,183.59,29.5,94.34,0.0,0.0
2023-12-12,41467.2735698422,398.67,81.51,183.49,29.42,94.62,0.0,0.0
2023-12-13,42939.0607583285,403.74,81.92,187.63,29.17,96.84,0.0,0.0
2023-12-14,43033.1371560491,403.39,81.8,188.73,28.9,99.04,0.0,0.259742
2023-12-15,41978.0970195792,405.34,81.71,187.0,29.09,99.15,0.0,0.0
2023-12-16,42203.2140450029,,,,,,0.0,0.0
2023-12-17,41428.6657855056,,,,,,0.0,0.0
2023-12-18,42635.7331911163,407.08,81.7,187.85,27.34,98.36,0.80826,0.0
2023-12-19,42271.863025716,409.16,81.73,189.13,27.22,98.89,0.0,0.0
2023-12-20,43605.1555549386,403.08,81.84,188.1,27.34,99.56,0.0,0.0
2023-12-21,43870.2382340736,407.77,81.92,189.43,27.16,98.93,0.0,0.0
2023-12-22,44009.5016551724,408.38,81.95,190.27,27.15,98.475,0.0,0.0
2023-12-23,43768.8067518995,,,,,,0.0,0.0
2023-12-24,43097.8093258329,,,,,,0.0,0.0
2023-12-25,43623.7504029807,,,,,,0.0,0.0
2023-12-26,42491.1229079486,410.88,81.91,191.72,27.09,98.76,0.0,0.0
2023-12-27,43436.9594269433,411.5,82.01,192.59,26.95,100.51,0.21584,0.0
2023-12-28,42670.6797180012,411.3,82.0,191.47,27.04,99.78,0.0,0.0
2023-12-29,41998.6033442431,409.52,82.04,191.17,27.09,98.88,0.0,0.0
2023-12-30,42204.4917744009,,,,,,0.0,0.0
2023-12-31,42217.1587913501,,,,,,0.0,0.0
2024-01-01,44049.4735534775,,,,,,0.0,0.0
2024-01-02,44941.160493571,402.59,81.94,190.72,27.32,98.31,0.0,0.0
2024-01-03,42773.6515423729,398.33,81.96,189.13,27.41,98.72,0.0,0.0
2024-01-04,44250.7452670953,396.28,81.91,189.32,27.41,97.22,0.0,0.0
2024-01-05,44146.3222022209,396.75,81.89,189.35,27.41,96.29,0.0,0.0
2024-01-06,43917.9798147282,,,,,,0.0,0.0
2024-01-07,43844.195949737,,,,,,0.0,0.0
2024-01-08,46981.3242995324,404.95,81.96,187.87,27.36,97.24,0.0,0.0
2024-01-09,46084.005795149,405.75,81.98,187.93,27.45,96.62,0.0,0.0
2024-01-10,46818.1592764465,408.5,81.98,187.5,27.4,96.17,0.0,0.0
2024-01-11,46380.8708082992,409.35,82.17,187.87,27.42,96.71,0.0,0.0
2024-01-12,42817.4305356517,409.56,82.34,189.71,27.45,96.52,0.0,0.0
2024-01-13,42846.9544699006,,,,,,0.0,0.0
2024-01-14,41888.1513068381,,,,,,0.0,0.0
2024-01-15,42528.9192489772,,,,,,0.0,0.0
2024-01-16,43171.4472241379,409.52,82.21,187.91,27.69,94.82,0.0,0.0
2024-01-17,42689.304327294,407.21,82.05,185.84,27.71,94.67,0.0,0.0
2024-01-18,41261.9076177674,412.99,82.09,187.37,27.74,93.79,0.0,0.0
2024-01-19,41606.8535330216,421.18,82.03,187.93,27.7,94.09,0.0,0.0
2024-01-20,41668.6904102864,,,,,,0.0,0.0
2024-01-21,41537.1123562244,,,,,,0.0,0.0
2024-01-22,39577.0998603156,421.73,82.07,187.22,27.71,94.65,0.0,0.0
2024-01-23,39737.3143617767,423.48,82.06,187.95,27.78,93.9,0.0,0.0
2024-01-24,40101.8568980129,425.83,82.02,186.4,27.7,93.35,0.0,0.0
2024-01-25,39917.6611461134,426.35,82.17,187.14,27.78,93.96,0.0,0.0
2024-01-26,41860.7310458796,423.81,82.12,187.01,27.78,93.78,0.0,0.0
2024-01-27,42125.3014155465,,,,,,0.0,0.0
2024-01-28,41983.0202744009,,,,,,0.0,0.0
2024-01-29,43218.3470821157,428.15,82.2,188.33,27.78,94.86,0.0,0.0
2024-01-30,42950.0541277031,425.3,82.15,188.59,27.76,95.72,0.0,0.0
2024-01-31,42589.4708059614,416.97,82.3,188.45,27.83,96.66,0.0,0.0
2024-02-01,43020.3596548802,421.88,82.18,190.41,27.69,98.24,0.0,0.242118
2024-02-02,43155.3852030976,429.01,81.92,188.61,27.94,96.07,0.0,0.0
2024-02-03,42982.3789979544,,,,,,0.0,0.0
2024-02-04,42576.2913050847,,,,,,0.0,0.0
2024-02-05,42619.2742738165,428.45,81.76,187.57,28.09,94.13,0.0,0.0
2024-02-06,43102.7062632963,427.59,81.89,188.55,28.01,95.05,0.0,0.0
2024-02-07,44253.0314731151,431.99,81.86,188.5,27.98,94.59,0.0,0.0
2024-02-08,45332.09157218,432.79,81.84,188.33,28.01,94.04,0.0,0.0
2024-02-09,47176.9665137347,437.05,81.81,187.6,27.99,93.85,0.0,0.0
2024-02-10,47792.8972156634,,,,,,0.0,0.0
2024-02-11,48200.7986057861,,,,,,0.0,0.0
2024-02-12,49989.80371654,435.34,81.82,187.11,28.02,93.96,0.0,0.0
2024-02-13,49628.0941528346,428.55,81.56,184.53,28.24,92.35,0.0,0.0
2024-02-14,51844.2929193454,433.22,81.68,184.42,28.19,92.82,0.0,0.0
2024-02-15,51939.1472919345,434.51,81.76,185.66,28.08,93.3,0.0,0.0
2024-02-16,52157.3123977206,430.57,81.66,186.34,28.09,92.76,0.0,0.0
2024-02-17,51674.8158521333,,,,,,0.0,0.0
2024-02-18,52148.0645365283,,,,,,0.0,0.0
2024-02-19,51804.8051537113,,,,,,0.0,0.0
2024-02-20,52308.0531712449,427.32,81.71,187.47,28.05,92.84,0.0,0.0
2024-02-21,51744.321808007,425.61,81.64,187.48,28.02,92.18,0.0,0.0
2024-02-22,51292.3252574518,438.07,81.63,187.56,28.02,92.63,0.0,0.0
2024-02-23,50789.1431759205,436.78,81.67,188.62,28.04,93.87,0.0,0.0
2024-02-24,51578.2349164231,,,,,,0.0,0.0
2024-02-25,51746.4789669784,,,,,,0.0,0.0
2024-02-26,54551.8259184687,436.55,81.61,188.2,27.99,93.59,0.0,0.0
2024-02-27,57049.888220339,437.6,81.61,188.0,28.01,92.93,0.0,0.0
2024-02-28,62460.740619813,435.27,81.69,188.34,28.03,93.52,0.0,0.0
2024-02-29,61394.7818515488,439.0,81.74,189.31,28.09,94.18,0.0,0.0
2024-03-01,62524.401817066,445.61,81.66,192.89,28.04,94.47,0.0,0.240458
2024-03-02,62049.6145637054,,,,,,0.0,0.0
2024-03-03,62991.4422913501,,,,,,0.0,0.0
2024-03-04,68091.8388243717,444.02,81.58,196.01,28.04,94.09,0.0,0.0
2024-03-05,63950.524329924,436.05,81.64,197.19,28.01,95.43,0.0,0.0
2024-03-06,66103.7215400351,438.79,81.66,198.81,27.91,95.99,0.0,0.0
2024-03-07,67070.3791484512,445.45,81.76,199.94,27.77,95.9,0.0,0.0
2024-03-08,68343.7149552893,439.02,81.8,201.63,27.78,95.73,0.0,0.0
2024-03-09,68502.5053392753,,,,,,0.0,0.0
2024-03-10,68882.2513395675,,,,,,0.0,0.0
2024-03-11,72198.0875341905,437.39,81.73,202.0,27.81,95.68,0.0,0.0
2024-03-12,71432.7283018702,443.66,81.65,199.79,27.83,94.88,0.0,0.0
2024-03-13,73081.5759053185,440.25,81.61,201.19,27.8,94.42,0.0,0.0
2024-03-14,71505.2729076563,439.14,81.54,200.35,27.95,92.97,0.0,0.0
2024-03-15,69424.9141753361,433.92,81.49,199.71,27.98,92.94,0.0,0.0
2024-03-16,65433.6819006429,,,,,,0.0,0.0
2024-03-17,68285.0891691993,,,,,,0.0,0.0
2024-03-18,67770.8865245471,437.48,81.5,200.03,28.04,92.66,0.57345,0.0
2024-03-19,61969.3075394506,438.57,81.57,199.8,28.11,92.92,0.0,0.0
2024-03-20,67848.1076396844,443.77,81.7,202.18,27.98,92.89,0.0,0.0
2024-03-21,65454.7357232612,445.87,81.7,201.97,28.17,93.09,0.0,0.0
2024-03-22,63486.4849997078,446.38,81.76,200.35,28.32,93.98,0.0,0.0
2024-03-23,64361.2429047341,,,,,,0.0,0.0
2024-03-24,67289.5658310929,,,,,,0.0,0.0
2024-03-25,70042.0204237288,444.76,81.72,200.99,28.25,93.51,0.0,0.0
2024-03-26,70071.0472144945,443.32,81.74,201.64,28.27,93.77,0.0,0.0
2024-03-27,69267.8879815897,444.83,81.83,203.1,28.29,94.7,0.0,0.0
2024-03-28,70826.8968714202,444.01,81.78,205.72,28.37,94.62,0.0,0.0
2024-03-29,69917.0430070134,,,,,,0.0,0.0
2024-03-30,69663.0119073641,,,,,,0.0,0.0
2024-03-31,71227.4517939801,,,,,,0.0,0.0
2024-04-01,69791.6277305669,444.95,81.34,207.82,28.48,92.55,0.0,0.270467
2024-04-02,65533.7548351841,441.11,81.38,210.89,28.44,92.04,0.0,0.0
2024-04-03,66130.2162393337,442.1,81.44,212.74,28.31,92.02,0.0,0.0
2024-04-04,68438.135024547,435.34,81.52,211.52,28.31,92.68,0.0,0.0
2024-04-05,67904.9094766219,440.47,81.39,215.14,28.34,91.39,0.0,0.0
2024-04-06,69136.0710783168,,,,,,0.0,0.0
2024-04-07,69392.6830108124,,,,,,0.0,0.0
2024-04-08,71712.7972840444,440.6,81.31,216.48,28.3,91.38,0.0,0.0
2024-04-09,69074.5418638223,442.23,81.39,217.67,28.29,92.23,0.0,0.0
2024-04-10,70579.4456767972,438.37,81.06,215.61,28.59,90.22,0.0,0.0
2024-04-11,70046.5536057861,445.37,81.16,219.8,28.61,89.81,0.0,0.0
2024-04-12,67098.113691993,438.27,81.21,216.89,28.84,90.29,0.0,0.0
2024-04-13,64551.6482875512,,,,,,0.0,0.0
2024-04-14,65648.8099602572,,,,,,0.0,0.0
2024-04-15,63393.325166277,431.06,81.18,220.95,28.89,88.89,0.0,0.0
2024-04-16,63784.8203340152,431.1,81.13,221.22,28.93,88.3,0.0,0.0
2024-04-17,61324.2184286967,425.84,81.19,219.59,28.84,89.28,0.0,0.0
2024-04-18,63510.14500263,423.41,81.15,220.34,28.9,88.83,0.0,0.0
2024-04-19,63762.6310300994,414.65,81.17,221.03,28.9,89.15,0.0,0.0
2024-04-20,64907.9928366452,,,,,,0.0,0.0
2024-04-21,64968.192619813,,,,,,0.0,0.0
2024-04-22,66944.5960911748,418.82,81.21,215.57,28.91,89.0,0.0,0.0
2024-04-23,66385.3002919345,425.07,81.28,215.04,28.79,89.03,0.0,0.0
2024-04-24,64189.9679064874,426.51,81.25,214.64,28.82,88.4,0.0,0.0
2024-04-25,64515.3874725307,424.45,81.19,215.92,28.76,87.78,0.0,0.0
2024-04-26,63777.4715002922,431.0,81.21,216.62,28.89,88.24,0.0,0.0
2024-04-27,63429.3099649328,,,,,,0.0,0.0
2024-04-28,62978.5770049678,,,,,,0.0,0.0
2024-04-29,63908.3888766803,432.75,81.25,216.18,28.8,88.98,0.0,0.0
2024-04-30,60636.3261633548,424.59,81.15,211.87,28.98,88.22,0.0,0.0
2024-05-01,58141.7772799532,421.52,81.05,213.79,28.95,88.56,0.0,0.261616
2024-05-02,59170.1088936295,426.9,81.17,213.13,28.73,88.94,0.0,0.0
2024-05-03,62983.6554783752,435.48,81.3,212.96,28.65,89.84,0.0,0.0
2024-05-04,63881.1305429573,,,,,,0.0,0.0
2024-05-05,64067.5959918177,,,,,,0.0,0.0
2024-05-06,63228.1031341321,440.25,81.29,215.2,28.68,90.19,0.0,0.0
2024-05-07,62396.999720339,440.32,81.3,214.21,28.76,90.74,0.0,0.0
2024-05-08,61079.27442782,440.06,81.28,213.58,28.8,90.19,0.0,0.0
2024-05-09,62998.4903381064,441.02,81.35,216.95,28.7,90.63,0.0,0.0
2024-05-10,60896.6418880772,442.06,81.28,218.71,28.74,90.12,0.0,0.0
2024-05-11,60843.5729240211,,,,,,0.0,0.0
2024-05-12,61431.2746879018,,,,,,0.0,0.0
2024-05-13,62886.9394491526,443.08,81.3,216.26,28.73,90.35,0.0,0.0
2024-05-14,61555.5670046756,445.93,81.38,218.09,28.67,90.86,0.0,0.0
2024-05-15,66281.5322542373,452.9,81.53,220.89,28.49,92.1,0.0,0.0
2024-05-16,65269.2603246639,451.98,81.47,220.03,28.56,92.01,0.0,0.0
2024-05-17,66956.4409476914,451.76,81.42,223.66,28.56,91.39,0.0,0.0
2024-05-18,66977.6006914085,,,,,,0.0,0.0
2024-05-19,66259.4704260666,,,,,,0.0,0.0
2024-05-20,71202.2025902981,454.91,81.4,224.56,28.6,91.12,0.0,0.0
2024-05-21,70217.2546914085,455.8,81.44,224.23,28.6,91.59,0.0,0.0
2024-05-22,69074.9141350088,455.71,81.38,220.11,28.69,91.7,0.0,0.0
2024-05-23,67758.7306586791,453.66,81.34,215.72,28.75,91.11,0.0,0.0
2024-05-24,68608.998279661,457.95,81.37,215.92,28.66,91.38,0.0,0.0
2024-05-25,69282.7925976037,,,,,,0.0,0.0
2024-05-26,68445.0069532437,,,,,,0.0,0.0
2024-05-27,69347.815260374,,,,,,0.0,0.0
2024-05-28,68342.8204488603,459.68,81.3,218.19,28.62,90.07,0.0,0.0
2024-05-29,67584.2632402104,456.44,81.27,216.16,28.78,88.98,0.0,0.0
2024-05-30,68375.4760260082,451.55,81.36,216.57,28.69,89.84,0.0,0.0
2024-05-31,67377.7626122151,450.71,81.47,215.3,28.67,90.45,0.0,0.0
2024-06-01,67714.3526399766,,,,,,0.0,0.0
2024-06-02,67805.4855742256,,,,,,0.0,0.0
2024-06-03,68833.3028351841,453.13,81.3,217.22,28.52,91.6,0.0,0.262128
2024-06-04,70554.0894330801,454.37,81.38,215.27,28.53,92.67,0.0,0.0
2024-06-05,71087.4433158971,463.53,81.46,217.82,28.57,93.35,0.0,0.0
2024-06-06,70788.5013755114,463.37,81.47,219.43,28.53,93.21,0.0,0.0
2024-06-07,69338.1573240795,462.96,81.26,211.6,28.77,91.5,0.0,0.0
2024-06-08,69310.1092618352,,,,,,0.0,0.0
2024-06-09,69644.0190894214,,,,,,0.0,0.0
2024-06-10,69465.9362478083,464.83,81.27,213.54,28.84,90.89,0.0,0.0
2024-06-11,67368.263506429,468.02,81.36,214.15,28.88,91.83,0.0,0.0
2024-06-12,68213.8346838106,474.15,81.47,214.72,28.75,92.52,0.0,0.0
2024-06-13,66783.4902767388,476.72,81.6,212.97,28.86,93.88,0.0,0.0
2024-06-14,65982.1865195792,479.19,81.61,215.73,28.99,94.67,0.0,0.0
2024-06-15,66204.904308007,,,,,,0.0,0.0
2024-06-16,66622.5999336645,,,,,,0.0,0.0
2024-06-17,66483.8785260082,485.06,81.53,214.61,28.92,93.73,0.0,0.0
2024-06-18,65112.1230020456,485.21,81.64,215.47,28.91,94.59,0.0,0.0
2024-06-19,64878.7141525424,,,,,,0.0,0.0
2024-06-20,64897.7011542957,481.47,81.61,218.16,29.03,93.96,0.0,0.0
2024-06-21,64086.0489228521,480.18,81.64,214.78,29.1,93.96,0.0,0.0
2024-06-22,64258.135506429,,,,,,0.0,0.0
2024-06-23,63345.0218760959,,,,,,0.0,0.0
2024-06-24,60258.9554374635,473.96,81.65,215.63,29.0,94.34,0.7615,0.0
2024-06-25,61739.6658477498,479.38,81.66,214.56,29.03,94.5,0.0,0.0
2024-06-26,60794.4760584454,480.37,81.58,212.58,29.17,93.15,0.0,0.0
2024-06-27,61569.9234275278,481.61,81.64,214.99,29.13,93.52,0.0,0.0
2024-06-28,60303.3147364115,479.11,81.65,215.01,29.13,91.78,0.0,0.0
2024-06-29,60889.3298430742,,,,,,0.0,0.0
2024-06-30,62763.2796861485,,,,,,0.0,0.0
2024-07-01,62835.3997647575,481.92,81.31,215.57,29.14,89.91,0.0,0.270391
2024-07-02,62028.6170385739,486.98,81.38,215.56,29.1,90.61,0.0,0.0
2024-07-03,60216.3920859147,491.04,81.5,217.99,28.98,91.8,0.0,0.0
2024-07-04,57418.2420213326,,,,,,0.0,0.0
2024-07-05,56720.9881256575,496.16,81.65,220.93,28.88,92.56,0.0,0.0
2024-07-06,58259.221773232,,,,,,0.0,0.0
2024-07-07,56112.5725587376,,,,,,0.0,0.0
2024-07-08,56691.9149061952,497.34,81.64,218.19,28.93,92.76,0.0,0.0
2024-07-09,57981.4320967271,497.77,81.62,218.56,28.97,92.35,0.0,0.0
2024-07-10,57722.0113527177,502.96,81.65,219.36,28.94,92.64,0.0,0.0
2024-07-11,57307.712738457,491.93,81.84,223.25,28.79,93.54,0.0,0.0
2024-07-12,57859.1202819988,494.82,81.96,223.11,28.69,93.94,0.0,0.0
2024-07-13,59329.0372016365,,,,,,0.0,0.0
2024-07-14,61015.0339412624,,,,,,0.0,0.0
2024-07-15,64734.7611697837,496.15,81.96,223.83,28.74,92.86,0.0,0.0
2024-07-16,65118.8266583869,496.34,81.99,228.29,28.74,94.17,0.0,0.0
2024-07-17,64201.3707805377,481.77,82.0,227.23,28.61,94.19,0.0,0.0
2024-07-18,63984.3022022209,479.49,81.96,225.78,28.74,93.47,0.0,0.0
2024-07-19,66755.7833828171,475.24,81.92,221.73,28.82,92.92,0.0,0.0
2024-07-20,67185.4978112215,,,,,,0.0,0.0
2024-07-21,68056.6201215663,,,,,,0.0,0.0
2024-07-22,67535.1976738749,482.32,81.93,221.8,28.8,92.65,0.0,0.0
2024-07-23,65916.4081616014,480.62,81.97,222.58,28.85,92.52,0.0,0.0
2024-07-24,65353.3857784921,463.38,82.01,221.8,28.84,91.52,0.0,0.0
2024-07-25,65722.0611917007,458.27,82.02,218.33,28.84,92.27,0.0,0.0
2024-07-26,67912.2433091759,462.97,82.13,220.63,28.82,92.99,0.0,0.0
2024-07-27,68077.3730812391,,,,,,0.0,0.0
2024-07-28,68170.6691309176,,,,,,0.0,0.0
2024-07-29,66867.167277031,463.9,82.14,220.32,28.9,93.49,0.0,0.0
2024-07-30,66186.9146861484,457.53,82.17,222.52,28.92,93.85,0.0,0.0
2024-07-31,64690.6340385739,471.07,82.34,226.55,28.76,94.81,0.0,0.0
2024-08-01,65178.0554891876,459.66,82.21,225.77,28.86,95.31,0.0,0.27246
2024-08-02,61506.7698877849,448.75,82.67,225.34,28.57,98.28,0.0,0.0
2024-08-03,60688.2444272355,,,,,,0.0,0.0
2024-08-04,58306.2644786675,,,,,,0.0,0.0
2024-08-05,54343.6276773816,435.37,82.65,222.48,28.41,98.8,0.0,0.0
2024-08-06,56047.4712866744,439.53,82.55,220.7,28.5,96.59,0.0,0.0
2024-08-07,55129.7410376973,434.77,82.5,220.55,28.56,95.91,0.0,0.0
2024-08-08,61908.7896724138,448.07,82.46,224.01,28.6,95.32,0.0,0.0
2024-08-09,60720.9407594974,450.41,82.48,224.56,28.57,96.26,0.0,0.0
2024-08-10,60871.5550727645,,,,,,0.0,0.0
2024-08-11,58836.1043722969,,,,,,0.0,0.0
2024-08-12,59394.1629538282,451.38,82.53,228.41,28.57,96.61,0.0,0.0
2024-08-13,60536.2457846289,462.58,82.66,228.06,28.42,97.28,0.0,0.0
2024-08-14,58840.6466797195,462.73,82.65,226.2,28.45,97.89,0.0,0.0
2024-08-15,57644.1876879018,474.42,82.45,226.91,28.55,97.1,0.0,0.0
2024-08-16,58927.2765087668,475.03,82.54,231.99,28.41,97.44,0.0,0.0
2024-08-17,59414.6743351841,,,,,,0.0,0.0
2024-08-18,58793.2061458212,,,,,,0.0,0.0
2024-08-19,59411.5190169492,481.27,82.52,231.61,28.26,97.89,0.0,0.0
2024-08-20,59123.3002662186,480.26,82.64,232.46,28.16,98.67,0.0,0.0
2024-08-21,61133.0256493279,482.5,82.73,232.15,28.07,98.73,0.0,0.0
2024-08-22,60394.4737749854,474.85,82.62,229.37,28.2,97.75,0.0,0.0
2024-08-23,64106.8029152543,480.0,82.81,232.02,27.96,98.39,0.0,0.0
2024-08-24,64023.226703682,,,,,,0.0,0.0
2024-08-25,64498.0183413209,,,,,,0.0,0.0
2024-08-26,62983.4427729398,475.34,82.77,232.76,28.02,98.14,0.0,0.0
2024-08-27,59548.0076215663,476.76,82.82,233.39,27.93,97.97,0.0,0.0
2024-08-28,59100.7747548217,471.35,82.81,231.75,28.09,97.85,0.0,0.0
2024-08-29,59339.7909947399,470.66,82.795,232.95,28.19,97.53,0.0,0.0
2024-08-30,59142.9399640561,476.27,82.8,231.29,28.27,96.49,0.0,0.0
2024-08-31,58959.926273232,,,,,,0.0,0.0
2024-09-01,57349.0807180012,,,,,,0.0,0.0
2024-09-02,59159.0238877849,,,,,,0.0,0.0
2024-09-03,57637.7754444769,461.81,82.6,230.29,28.32,97.75,0.0,0.288255
2024-09-04,58033.3989704851,460.61,82.78,230.43,28.18,99.01,0.0,0.0
2024-09-05,56112.9529400935,461.04,82.81,232.35,28.14,99.57,0.0,0.0
2024-09-06,53838.9534623028,448.69,82.96,230.63,28.18,99.56,0.0,0.0
2024-09-07,54066.4399248977,,,,,,0.0,0.0
2024-09-08,54859.2584082408,,,,,,0.0,0.0
2024-09-09,57135.7814371712,454.46,82.97,231.6,28.3,99.99,0.0,0.0
2024-09-10,57664.4998214494,458.66,83.09,232.62,28.31,100.69,0.0,0.0
2024-09-11,57409.1950663355,468.62,83.02,232.25,28.34,100.61,0.0,0.0
2024-09-12,58124.6418065459,473.22,83.025,236.33,28.22,100.14,0.0,0.0
2024-09-13,60536.8814503215,475.34,83.15,238.68,28.18,100.41,0.0,0.0
2024-09-14,60007.1702507306,,,,,,0.0,0.0
2024-09-15,59129.9197536528,,,,,,0.0,0.0
2024-09-16,58227.46421654,473.24,83.2,238.66,28.09,101.33,0.0,0.0
2024-09-17,60238.2177255991,473.49,83.14,237.34,28.18,100.84,0.0,0.0
2024-09-18,61306.2337317358,471.44,83.11,235.51,28.21,99.59,0.0,0.0
2024-09-19,62994.6096528346,483.36,83.18,239.17,28.09,99.26,0.0,0.0
2024-09-20,63153.9518270018,482.44,83.21,242.21,28.14,98.88,0.0,0.0
2024-09-21,63367.7296078317,,,,,,0.0,0.0
2024-09-22,63571.9521729983,,,,,,0.0,0.0
2024-09-23,63336.0126347165,483.04,83.21,242.68,28.18,98.67,0.67686,0.0
2024-09-24,64342.7891113384,485.37,83.29,246.07,28.02,98.65,0.0,0.0
2024-09-25,63059.6269167154,485.82,83.22,245.73,28.21,97.83,0.0,0.0
2024-09-26,65057.7861461134,489.47,83.14,246.98,28.08,98.06,0.0,0.0
2024-09-27,65767.7132542373,486.75,83.27,245.02,28.07,98.57,0.0,0.0
2024-09-28,65770.5276478667,,,,,,0.0,0.0
2024-09-29,65617.7610689655,,,,,,0.0,0.0
2024-09-30,63260.0425482174,488.07,83.15,243.06,28.18,98.1,0.0,0.0
2024-10-01,60858.2487086499,481.27,82.93,245.61,28.3,98.49,0.0,0.273029
2024-10-02,60686.0993135593,481.95,82.91,245.66,28.42,97.66,0.0,0.0
2024-10-03,60765.2367498539,481.59,82.8,245.49,28.51,96.74,0.0,0.0
2024-10-04,62052.5100496785,487.32,82.52,245.0,28.67,95.55,0.0,0.0
2024-10-05,62030.4538977206,,,,,,0.0,0.0
2024-10-06,62789.8814555815,,,,,,0.0,0.0
2024-10-07,62416.508829924,482.1,82.41,244.17,28.69,94.83,0.0,0.0
2024-10-08,62126.3273769725,489.3,82.48,242.37,28.69,94.99,0.0,0.0
2024-10-09,60615.2581917008,493.15,82.4,241.05,28.82,94.45,0.0,0.0
2024-10-10,60221.1172869667,492.59,82.47,242.82,28.81,94.08,0.0,0.0
2024-10-11,62462.539962595,493.36,82.54,245.47,28.83,93.7,0.0,0.0
2024-10-12,63202.8806992987,,,,,,0.0,0.0
2024-10-13,62759.431113384,,,,,,0.0,0.0
2024-10-14,66089.7587410871,497.5,82.5,245.07,28.92,93.765,0.0,0.0
2024-10-15,66933.974833723,490.85,82.54,245.92,28.94,94.91,0.0,0.0
2024-10-16,67662.9534038574,490.91,82.59,247.15,29.02,95.31,0.0,0.0
2024-10-17,67337.9075482174,491.25,82.52,248.63,29.11,93.8,0.0,0.0
2024-10-18,68390.5375625365,494.47,82.59,251.27,29.03,93.87,0.0,0.0
2024-10-19,68357.8982963179,,,,,,0.0,0.0
2024-10-20,69012.3532089421,,,,,,0.0,0.0
2024-10-21,67440.4625058445,495.42,82.47,251.22,29.16,92.23,0.0,0.0
2024-10-22,67425.7553211572,495.96,82.46,253.93,29.19,92.32,0.0,0.0
2024-10-23,66647.2866642315,488.36,82.41,250.87,29.29,92.07,0.0,0.0
2024-10-24,68130.9948369374,492.32,82.45,252.8,29.18,92.66,0.0,0.0
2024-10-25,66261.5376861485,495.32,82.42,253.32,29.28,92.14,0.0,0.0
2024-10-26,67023.3399611338,,,,,,0.0,0.0
2024-10-27,68000.1475008767,,,,,,0.0,0.0
2024-10-28,69862.5205470485,495.4,82.38,253.33,29.28,91.89,0.0,0.0
2024-10-29,72678.7866201052,500.16,82.41,256.09,29.29,92.03,0.0,0.0
2024-10-30,72450.2843819404,496.38,82.34,257.5,29.22,92.3,0.0,0.0
2024-10-31,70367.0819576271,483.85,82.36,253.51,29.2,92.45,0.0,0.0
2024-11-01,69483.5830303916,487.43,82.05,252.47,29.32,90.84,0.0,0.283144
2024-11-02,69241.6794865576,,,,,,0.0,0.0
2024-11-03,68742.7546227352,,,,,,0.0,0.0
2024-11-04,67779.0969795441,486.01,82.11,252.83,29.21,92.25,0.0,0.0
2024-11-05,69538.0241729982,492.21,82.09,253.4,29.09,92.74,0.0,0.0
2024-11-06,75696.0366192285,505.58,81.99,245.7,29.56,90.2,0.0,0.0
2024-11-07,75972.2955546464,513.54,82.13,249.65,29.32,91.33,0.0,0.0
2024-11-08,76507.4474012273,514.14,82.07,247.96,29.52,92.49,0.0,0.0
2024-11-09,76799.2527469316,,,,,,0.0,0.0
2024-11-10,80409.2865666277,,,,,,0.0,0.0
2024-11-11,88859.998448568,513.84,82.01,242.14,29.69,92.04,0.0,0.0
2024-11-12,88048.7488877849,512.91,81.93,240.05,29.82,90.66,0.0,0.0
2024-11-13,90369.3819693162,512.25,82.05,237.63,29.99,89.8,0.0,0.0
2024-11-14,87204.2569827586,508.69,81.93,237.01,30.11,90.32,0.0,0.0
2024-11-15,91139.0844427236,496.57,82.02,236.59,30.08,90.08,0.0,0.0
2024-11-16,90567.6957568673,,,,,,0.0,0.0
2024-11-17,89732.9704292811,,,,,,0.0,0.0
2024-11-18,90587.6965534775,500.02,82.08,241.09,29.93,90.24,0.0,0.0
2024-11-19,92254.1385800701,503.46,82.08,243.25,29.92,90.7,0.0,0.0
2024-11-20,94160.0406858562,503.17,82.04,244.62,30.07,90.41,0.0,0.0
2024-11-21,98545.5688798948,504.98,82.02,246.66,30.17,90.34,0.0,0.0
2024-11-22,98938.3495450029,505.79,82.01,249.84,30.33,90.39,0.0,0.0
2024-11-23,97707.0484590883,,,,,,0.0,0.0
2024-11-24,97980.2082819988,,,,,,0.0,0.0
2024-11-25,93343.0290745178,506.59,82.17,242.48,30.12,92.73,0.0,0.0
2024-11-26,91875.5699593805,509.31,82.17,242.95,30.16,92.37,0.0,0.0
2024-11-27,95989.0802273524,505.3,82.22,243.49,29.9,93.01,0.0,0.0
2024-11-28,95737.9402822911,,,,,,0.0,0.0
2024-11-29,97398.9417399182,509.74,82.32,245.59,29.85,93.97,0.0,0.0
2024-11-30,96463.6248980129,,,,,,0.0,0.0
2024-12-01,97469.6044529515,,,,,,0.0,0.0
2024-12-02,95726.4417258913,515.29,82.05,243.44,30.03,93.87,0.0,0.265297
2024-12-03,96010.8774228521,516.87,82.06,243.93,30.02,93.06,0.0,0.0
2024-12-04,98920.2528255406,523.26,82.15,244.67,30.01,94.06,0.0,0.0
2024-12-05,96949.6644117475,521.81,82.15,242.86,29.85,94.25,0.0,0.0
2024-12-06,99953.1056580947,526.48,82.23,242.95,29.93,94.39,0.0,0.0
2024-12-07,99977.7002282291,,,,,,0.0,0.0
2024-12-08,100798.98356429,,,,,,0.0,0.0
2024-12-09,97390.1988597311,522.38,82.2,245.36,29.98,93.52,0.0,0.0
2024-12-10,96835.5017387493,520.6,82.19,248.59,30.05,93.08,0.0,0.0
2024-12-11,101310.201899766,529.92,82.17,250.96,30.15,92.2,0.0,0.0
2024-12-12,100090.890479544,526.5,82.13,247.28,30.25,91.08,0.0,0.0
2024-12-13,101289.823976914,530.53,82.09,244.29,30.26,90.15,0.0,0.0
2024-12-14,101366.87166803,,,,,,0.0,0.0
2024-12-15,104551.367141146,,,,,,0.0,0.0
2024-12-16,105855.672229982,538.17,82.1,244.88,30.21,90.42,0.0,0.0
2024-12-17,106115.910582992,535.8,82.11,243.94,30.24,90.64,0.0,0.0
2024-12-18,100469.770656926,516.47,81.68,239.26,30.59,89.16,0.0,0.2804
2024-12-19,97697.045779661,514.17,81.77,239.6,30.65,87.81,0.0,0.0
2024-12-20,97617.4422051432,518.66,81.78,242.1,30.5,88.31,0.0,0.0
2024-12-21,97093.0190832846,,,,,,0.0,0.0
2024-12-22,95149.1058252484,,,,,,0.0,0.0
2024-12-23,94800.7562060199,522.87,81.73,240.96,29.29,87.5,0.83466,0.0
2024-12-24,98637.7330543542,529.96,81.77,241.44,29.37,87.87,0.0,0.0
2024-12-25,99235.3678869082,,,,,,0.0,0.0
2024-12-26,95628.3030902981,529.6,81.79,243.07,29.31,87.82,0.0,0.0
2024-12-27,94219.9821461134,522.56,81.81,241.4,29.26,87.1,0.0,0.0
2024-12-28,95123.5811098773,,,,,,0.0,0.0
2024-12-29,93457.5783202806,,,,,,0.0,0.0
2024-12-30,92523.163085038,515.61,81.93,240.63,29.29,87.8,0.0,0.0
2024-12-31,93389.7326016949,511.23,81.98,242.13,29.42,87.33,0.0,0.0
2025-01-01,94455.7965718878,,,,,,0.0,0.0
2025-01-02,96851.393682934,510.23,81.96,245.42,29.67,87.57,0.0,0.0
2025-01-03,98120.6846759205,518.58,81.96,243.49,29.58,87.29,0.0,0.0
2025-01-04,98230.0478571011,,,,,,0.0,0.0
2025-01-05,98414.8120964348,,,,,,0.0,0.0
2025-01-06,102179.560366745,524.54,81.98,243.19,29.39,86.9,0.0,0.0
2025-01-07,96974.9957857978,515.18,81.93,244.56,29.5,85.92,0.0,0.0
2025-01-08,95039.2809210988,515.27,81.98,245.86,29.61,86.03,0.0,0.0
2025-01-09,92346.1691589714,,,,,,0.0,0.0
2025-01-10,94759.1196358854,507.19,81.83,248.21,29.76,85.46,0.0,0.0
2025-01-11,94606.5080099357,,,,,,0.0,0.0
2025-01-12,94353.7752586207,,,,,,0.0,0.0
2025-01-13,94375.7299102864,505.56,81.85,245.74,29.85,85.43,0.0,0.0
2025-01-14,96569.475726768,505.08,81.87,247.03,29.66,85.29,0.0,0.0
2025-01-15,100172.405985096,516.7,82.05,248.88,29.61,86.76,0.0,0.0
2025-01-16,99977.7298234951,513.08,82.1,250.6,29.61,87.04,0.0,0.0
2025-01-17,104296.588034191,521.74,82.08,249.27,29.72,87.19,0.0,0.0
2025-01-18,104398.156261251,,,,,,0.0,0.0
2025-01-19,100954.572281999,,,,,,0.0,0.0
2025-01-20,102588.998699006,,,,,,0.0,0.0
2025-01-21,105987.888705435,524.8,82.11,253.13,29.34,87.97,0.0,0.0
2025-01-22,103791.128861485,531.51,82.09,254.43,29.39,87.51,0.0,0.0
2025-01-23,104184.616743717,532.64,82.09,254.07,29.38,86.83,0.0,0.0
2025-01-24,104716.12488194,529.63,82.14,255.65,29.2,87.22,0.0,0.0
2025-01-25,104866.085348919,,,,,,0.0,0.0
2025-01-26,102833.369273232,,,,,,0.0,0.0
2025-01-27,101907.44629661,514.21,82.26,252.99,29.21,88.25,0.0,0.0
2025-01-28,101138.144066043,521.81,82.28,255.18,29.33,88.19,0.0,0.0
2025-01-29,103918.795458796,520.83,82.23,254.2,29.39,88.01,0.0,0.0
2025-01-30,104987.446410871,523.05,82.28,258.05,29.39,88.34,0.0,0.0
2025-01-31,102263.043670953,522.29,82.29,258.56,29.51,87.76,0.0,0.0
2025-02-01,100610.290439801,,,,,,0.0,0.0
2025-02-02,97424.7809000584,,,,,,0.0,0.0
2025-02-03,101582.408702221,518.11,81.96,259.94,29.64,88.16,0.0,0.273496
2025-02-04,97848.1497592051,524.47,82.04,262.5,29.37,88.43,0.0,0.0
2025-02-05,96559.3327562829,526.85,82.09,264.13,29.32,89.89,0.0,0.0
2025-02-06,96541.3006811806,529.6,82.06,263.43,29.3,89.85,0.0,0.0
2025-02-07,96384.1109836353,522.92,81.97,263.9,29.43,89.27,0.0,0.0
2025-02-08,96603.318157218,,,,,,0.0,0.0
2025-02-09,96309.7532405026,,,,,,0.0,0.0
2025-02-10,97375.2253535944,529.25,82.01,268.37,29.52,89.0,0.0,0.0
2025-02-11,95806.2580385739,527.99,81.99,267.39,29.42,88.43,0.0,0.0
2025-02-12,97756.4976548802,528.3,81.88,267.67,29.44,87.23,0.0,0.0
2025-02-13,96534.7406332554,535.9,81.99,270.31,29.2,88.68,0.0,0.0
2025-02-14,97414.3589821742,538.15,82.1,266.29,29.12,89.15,0.0,0.0
2025-02-15,97583.2431767972,,,,,,0.0,0.0
2025-02-16,96182.2661706604,,,,,,0.0,0.0
2025-02-17,95790.5109985389,,,,,,0.0,0.0
2025-02-18,95444.031886616,539.37,82.03,270.7,29.18,88.1,0.0,0.0
2025-02-19,96647.9132977791,539.52,82.09,270.85,29.21,88.21,0.0,0.0
2025-02-20,98392.2197247224,537.23,82.1,270.99,28.98,88.54,0.0,0.0
2025-02-21,96048.9937247224,526.08,82.24,270.74,29.08,89.61,0.0,0.0
2025-02-22,96605.7091057861,,,,,,0.0,0.0
2025-02-23,96091.6329774985,,,,,,0.0,0.0
2025-02-24,91869.6543430742,519.87,82.3,272.21,29.1,89.87,0.0,0.0
2025-02-25,88769.7356265342,513.32,82.41,268.62,28.99,91.42,0.0,0.0
2025-02-26,83987.89564173,514.56,82.44,269.03,29.05,91.96,0.0,0.0
2025-02-27,84625.4191364699,500.27,82.47,264.93,29.26,91.31,0.0,0.0
2025-02-28,84243.7779114553,508.17,82.62,263.27,29.39,92.43,0.0,0.0
2025-03-01,85844.3685628288,,,,,,0.0,0.0
2025-03-02,94328.0094444769,,,,,,0.0,0.0
2025-03-03,86315.9305511397,497.05,82.42,266.74,29.11,92.57,0.0,0.25314
2025-03-04,87323.690650789,495.55,82.43,269.06,28.85,91.43,0.0,0.0
2025-03-05,90619.4090976038,502.01,82.34,269.62,28.5,90.7,0.0,0.0
2025-03-06,90222.0693275862,488.2,82.39,268.25,28.48,90.4,0.0,0.0
2025-03-07,86553.5921937464,491.79,82.38,268.39,28.39,90.11,0.0,0.0
2025-03-08,86171.2789362946,,,,,,0.0,0.0
2025-03-09,80647.7964108709,,,,,,0.0,0.0
2025-03-10,79005.9601291642,472.73,82.53,266.04,28.41,91.05,0.0,0.0
2025-03-11,82747.1601917008,471.6,82.48,269.16,28.25,90.4,0.0,0.0
2025-03-12,83630.1581101695,476.92,82.42,270.33,28.32,89.86,0.0,0.0
2025-03-13,81110.2890490941,468.34,82.48,275.13,28.42,90.65,0.0,0.0
2025-03-14,84105.8335517241,479.66,82.42,275.24,28.39,90.17,0.0,0.0
2025-03-15,84352.8773018703,,,,,,0.0,0.0
2025-03-16,82492.1028287551,,,,,,0.0,0.0
2025-03-17,84013.947518118,482.77,82.39,276.73,28.28,90.62,0.0,0.0
2025-03-18,82680.8065514319,474.54,82.39,279.96,28.26,90.71,0.0,0.0
2025-03-19,86774.23507218,480.89,82.51,281.11,28.33,91.18,0.0,0.0
2025-03-20,84124.9712878434,479.26,82.53,280.75,28.41,91.24,0.0,0.0
2025-03-21,84069.4081800117,480.84,82.58,278.49,28.5,90.7,0.0,0.0
2025-03-22,83821.220305377,,,,,,0.0,0.0
2025-03-23,85760.8814506137,,,,,,0.0,0.0
2025-03-24,87322.5718568089,490.66,82.47,277.25,28.55,89.77,0.71571,0.0
2025-03-25,87422.8426084161,493.46,82.5,278.47,28.52,89.76,0.0,0.0
2025-03-26,86836.6760955582,484.38,82.48,278.24,28.65,89.17,0.0,0.0
2025-03-27,87211.3240169492,481.62,82.52,281.97,28.56,88.91,0.0,0.0
2025-03-28,84309.0783550555,468.94,82.67,284.06,28.51,90.14,0.0,0.0
2025-03-29,82497.1792472238,,,,,,0.0,0.0
2025-03-30,82216.4666765049,,,,,,0.0,0.0
2025-03-31,82461.4496279953,468.92,82.73,288.14,28.54,91.03,0.0,0.0
2025-04-01,85226.7137936879,472.7,82.48,287.57,28.57,91.49,0.0,0.279789
2025-04-02,82555.631296318,476.15,82.42,288.16,28.45,91.43,0.0,0.0
2025-04-03,82931.697399474,450.66,82.73,286.42,27.95,91.85,0.0,0.0
2025-04-04,83774.1797375804,422.67,82.68,279.72,28.26,92.85,0.0,0.0
2025-04-05,83302.1715756867,,,,,,0.0,0.0
2025-04-06,77949.0884926943,,,,,,0.0,0.0
2025-04-07,79421.8044105786,423.69,82.69,273.71,28.38,90.05,0.0,0.0
2025-04-08,76351.4295303916,416.06,82.64,275.2,28.25,88.35,0.0,0.0
2025-04-09,82720.6034891876,466.0,82.59,285.38,28.29,88.87,0.0,0.0
2025-04-10,79558.9558252484,446.18,82.58,292.35,27.7,86.42,0.0,0.0
2025-04-11,83359.8995157802,454.4,82.43,297.93,27.45,86.89,0.0,0.0
2025-04-12,85269.2495119813,,,,,,0.0,0.0
2025-04-13,83568.9544360023,,,,,,0.0,0.0
2025-04-14,84589.0324135009,457.48,82.61,296.23,27.36,87.51,0.0,0.0
2025-04-15,83671.3439713618,457.99,82.61,297.78,27.51,87.82,0.0,0.0
2025-04-16,84151.5357562829,444.18,82.72,307.47,27.28,88.31,0.0,0.0
2025-04-17,84940.5838538866,444.1,82.75,306.12,27.3,87.53,0.0,0.0
2025-04-18,84434.7727463472,,,,,,0.0,0.0
2025-04-19,85124.721496201,,,,,,0.0,0.0
2025-04-20,85101.7461545879,,,,,,0.0,0.0
2025-04-21,87360.7198933372,433.11,82.7,315.59,27.04,86.0,0.0,0.0
2025-04-22,93495.6106890707,444.48,82.73,311.11,27.19,86.48,0.0,0.0
2025-04-23,93695.7404772063,454.56,82.67,303.65,27.44,87.32,0.0,0.0
2025-04-24,93849.8817790766,467.35,82.77,308.07,27.32,88.24,0.0,0.0
2025-04-25,94771.4128007014,472.56,82.84,304.73,27.39,88.89,0.0,0.0
2025-04-26,94694.5111014027,,,,,,0.0,0.0
2025-04-27,93812.876534775,,,,,,0.0,0.0
2025-04-28,95066.0211867329,472.41,82.96,309.07,27.22,89.45,0.0,0.0
2025-04-29,94102.8403024547,475.53,83.01,306.06,27.31,90.2,0.0,0.0
2025-04-30,94236.7325143191,475.47,83.12,303.77,27.41,89.47,0.0,0.0
2025-05-01,96411.7422635885,481.68,82.69,297.46,27.57,88.69,0.0,0.259195
2025-05-02,96842.1021057861,488.83,82.53,297.98,27.53,87.73,0.0,0.0
2025-05-03,95943.61135301,,,,,,0.0,0.0
2025-05-04,94377.7899196376,,,,,,0.0,0.0
2025-05-05,94853.7298594389,485.93,82.52,306.88,27.48,87.24,0.0,0.0
2025-05-06,96677.9245029223,481.41,82.59,315.48,27.31,87.53,0.0,0.0
2025-05-07,97137.3757086499,483.3,82.62,310.75,27.51,87.9,0.0,0.0
2025-05-08,103069.539295733,488.29,82.45,304.63,27.74,86.92,0.0,0.0
2025-05-09,102940.802949445,487.97,82.49,306.84,27.66,87.05,0.0,0.0
2025-05-10,104582.821806254,,,,,,0.0,0.0
2025-05-11,103976.137798948,,,,,,0.0,0.0
2025-05-12,102920.074689071,507.85,82.34,298.19,28.05,86.24,0.0,0.0
2025-05-13,104145.711825248,515.59,82.32,299.46,27.81,85.89,0.0,0.0
2025-05-14,103572.719642022,518.68,82.26,293.16,27.87,85.32,0.0,0.0
2025-05-15,103716.283947399,519.25,82.42,297.84,27.8,86.07,0.0,0.0
2025-05-16,103566.269191116,521.51,82.4,294.24,27.88,86.3,0.0,0.0
2025-05-17,103190.041364991,,,,,,0.0,0.0
2025-05-18,106015.689848919,,,,,,0.0,0.0
2025-05-19,105615.828960257,522.01,82.43,298.03,27.69,86.05,0.0,0.0
2025-05-20,106893.330247516,520.27,82.44,303.58,27.61,85.43,0.0,0.0
2025-05-21,109704.855619521,513.04,82.39,305.82,27.49,83.97,0.0,0.0
2025-05-22,111477.014787843,514.0,82.44,303.11,27.57,84.41,0.0,0.0
2025-05-23,107291.888969901,509.24,82.49,309.75,27.37,84.55,0.0,0.0
2025-05-24,107917.328289304,,,,,,0.0,0.0
2025-05-25,108914.876558445,,,,,,0.0,0.0
2025-05-26,109371.985172122,,,,,,0.0,0.0
2025-05-27,109066.345636762,521.22,82.52,304.5,27.52,85.73,0.0,0.0
2025-05-28,107895.402399474,518.91,82.46,303.81,27.61,85.36,0.0,0.0
2025-05-29,105732.957892168,519.93,82.55,305.61,27.46,86.15,0.0,0.0
2025-05-30,103981.302957919,519.11,82.65,303.6,27.45,86.28,0.0,0.0
2025-05-31,104708.964150205,,,,,,0.0,0.0
2025-06-01,105750.15972443,,,,,,0.0,0.0
2025-06-02,105899.696926651,523.21,82.31,311.67,27.26,85.16,0.0,0.271801
2025-06-03,105483.98555114,527.3,82.29,308.91,27.44,85.01,0.0,0.0
2025-06-04,104782.844900351,528.77,82.44,310.9,27.32,86.39,0.0,0.0
2025-06-05,101669.190496785,524.79,82.35,309.33,27.3,86.45,0.0,0.0
2025-06-06,104421.051549094,529.92,82.21,305.18,27.44,85.35,0.0,0.0
2025-06-07,105685.250402104,,,,,,0.0,0.0
2025-06-08,105727.739632379,,,,,,0.0,0.0
2025-06-09,110198.15871391,530.7,82.27,306.62,27.37,85.44,0.0,0.0
2025-06-10,110074.119081824,534.21,82.27,306.71,27.4,85.88,0.0,0.0
2025-06-11,108645.785558153,532.41,82.4,308.37,27.3,86.14,0.0,0.0
2025-06-12,105998.985830801,533.66,82.47,312.2,27.1,87.17,0.0,0.0
2025-06-13,106024.822087376,526.96,82.41,316.29,27.17,86.33,0.0,0.0
2025-06-14,105467.108742256,,,,,,0.0,0.0
2025-06-15,105512.797437756,,,,,,0.0,0.0
2025-06-16,107243.933345997,534.29,82.4,311.78,27.2,85.46,0.0,0.0
2025-06-17,104628.396527469,529.08,82.44,311.94,27.38,86.5,0.0,0.0
2025-06-18,104813.367028638,528.99,82.48,310.26,27.43,86.65,0.0,0.0
2025-06-19,104709.720767095,,,,,,0.0,0.0
2025-06-20,103274.958839567,526.83,82.54,310.13,27.4,86.49,0.0,0.0
2025-06-21,101548.196381648,,,,,,0.0,0.0
2025-06-22,100899.234151958,,,,,,0.0,0.0
2025-06-23,105496.947495324,531.65,82.65,311.08,27.29,86.77,0.59111,0.0
2025-06-24,105964.065136762,539.78,82.715,306.19,27.15,87.4,0.0,0.0
2025-06-25,107305.065199591,541.16,82.73,307.12,27.08,87.51,0.0,0.0
2025-06-26,107012.822824079,546.22,82.83,306.78,26.97,87.95,0.0,0.0
2025-06-27,107090.95905114,548.09,82.8,301.22,27.02,87.39,0.0,0.0
2025-06-28,107357.617171245,,,,,,0.0,0.0
2025-06-29,108360.901696376,,,,,,0.0,0.0
2025-06-30,107153.101135885,551.64,82.86,304.83,26.88,88.25,0.0,0.0
2025-07-01,105566.356597896,546.99,82.51,307.55,26.87,88.14,0.0,0.264081
2025-07-02,108927.13451841,550.8,82.5,309.25,26.85,87.58,0.0,0.0
2025-07-03,109632.159126826,556.22,82.41,307.14,26.98,86.97,0.0,0.0
2025-07-04,108081.395758621,,,,,,0.0,0.0
2025-07-05,108244.788813852,,,,,,0.0,0.0
2025-07-06,109180.005545587,,,,,,0.0,0.0
2025-07-07,108249.401004091,552.03,82.39,307.37,27.07,86.14,0.0,0.0
2025-07-08,108956.631703098,552.34,82.4,304.16,27.09,86.03,0.0,0.0
2025-07-09,111416.806720047,556.25,82.47,305.52,27.09,86.93,0.0,0.0
2025-07-10,115873.903783752,555.45,82.47,306.2,27.14,86.99,0.0,0.0
2025-07-11,117618.605087084,554.2,82.45,309.14,27.22,85.79,0.0,0.0
2025-07-12,117382.372540912,,,,,,0.0,0.0
2025-07-13,118899.737107832,,,,,,0.0,0.0
2025-07-14,119871.096197838,556.21,82.46,308.01,27.29,85.61,0.0,0.0
2025-07-15,117710.89100789,556.72,82.375,306.73,27.44,85.01,0.0,0.0
2025-07-16,118730.187791642,557.29,82.49,308.26,27.34,85.13,0.0,0.0
2025-07-17,119501.663770894,561.8,82.46,307.59,27.46,85.11,0.0,0.0
2025-07-18,117958.511213033,561.26,82.53,308.39,27.42,85.24,0.0,0.0
2025-07-19,117908.52473232,,,,,,0.0,0.0
2025-07-20,117305.680953828,,,,,,0.0,0.0
2025-07-21,117432.435634717,564.17,82.58,313.13,27.24,86.0,0.0,0.0
2025-07-22,120068.00578872,561.25,82.64,316.1,27.1,86.52,0.0,0.0
2025-07-23,118650.587165693,563.81,82.57,312.18,27.06,86.04,0.0,0.0
2025-07-24,118377.081936879,565.01,82.5,310.27,27.13,85.89,0.0,0.0
2025-07-25,117520.17335038,566.37,82.55,307.4,27.19,86.43,0.0,0.0
2025-07-26,117983.204598773,,,,,,0.0,0.0
2025-07-27,119438.164235535,,,,,,0.0,0.0
2025-07-28,118022.637320281,568.14,82.535,305.41,27.5,85.87,0.0,0.0
2025-07-29,117871.370895383,567.26,82.61,306.25,27.57,87.32,0.0,0.0
2025-07-30,117732.643660725,568.02,82.52,300.96,27.84,86.87,0.0,0.0
2025-07-31,115848.339985096,565.01,82.52,302.96,27.9,86.92,0.0,0.0
2025-08-01,113282.144336061,553.88,82.66,309.11,27.57,87.82,0.0,0.269837
2025-08-02,112545.673659264,,,,,,0.0,0.0
2025-08-03,114263.693947691,,,,,,0.0,0.0
2025-08-04,115199.933659264,564.1,82.68,310.91,27.56,88.06,0.0,0.0
2025-08-05,114111.36101841,560.27,82.65,311.16,27.56,88.33,0.0,0.0
2025-08-06,115034.678748977,567.32,82.68,310.5,27.4,87.82,0.0,0.0
2025-08-07,117444.913924313,569.24,82.64,313.12,27.38,87.67,0.0,0.0
2025-08-08,116740.687720923,574.55,82.62,313.05,27.43,87.29,0.0,0.0
2025-08-09,116511.655739375,,,,,,0.0,0.0
2025-08-10,119189.198160275,,,,,,0.0,0.0
2025-08-11,118742.043048644,572.85,82.62,308.55,27.54,87.39,0.0,0.0
2025-08-12,120154.32493507,580.05,82.68,308.27,27.4,86.95,0.0,0.0
2025-08-13,123442.67982225,580.34,82.79,309.21,27.33,87.67,0.0,0.0
2025-08-14,118510.27128083,579.89,82.7,307.25,27.43,87.02,0.0,0.0
2025-08-15,117311.209947715,577.34,82.67,307.43,27.34,86.4,0.0,0.0
2025-08-16,117462.42684623,,,,,,0.0,0.0
2025-08-17,117601.952231888,,,,,,0.0,0.0
2025-08-18,116312.914397989,577.11,82.67,306.95,27.41,86.15,0.0,0.0
2025-08-19,112886.10147543,569.28,82.71,305.27,27.48,86.65,0.0,0.0
2025-08-20,114277.320860316,565.9,82.74,308.36,27.46,86.84,0.0,0.0
2025-08-21,112347.102298302,563.28,82.67,307.29,27.6,86.41,0.0,0.0
2025-08-22,116800.977035073,571.97,82.85,310.58,27.33,87.05,0.0,0.0
2025-08-23,115280.444723834,,,,,,0.0,0.0
2025-08-24,113516.122474401,,,,,,0.0,0.0
2025-08-25,110089.533314144,570.32,82.805,309.83,27.55,86.8,0.0,0.0
2025-08-26,111895.295495307,572.61,82.88,312.08,27.48,86.75,0.0,0.0
2025-08-27,111252.307236061,573.49,82.94,312.71,27.49,86.65,0.0,0.0
2025-08-28,112481.152904109,577.08,82.91,315.03,27.39,87.22,0.0,0.0
2025-08-29,108473.330441642,570.4,82.98,318.07,27.37,86.6,0.0,0.0
2025-08-30,108746.150824851,,,,,,0.0,0.0
2025-08-31,108316.44689481,,,,,,0.0,0.0
2025-09-01,108992.324614863,,,,,,0.0,0.0
2025-09-02,111140.947159836,565.62,82.68,325.59,27.55,85.63,0.0,0.258369
2025-09-03,111780.743587376,570.07,82.74,328.14,27.5,86.57,0.0,0.0
2025-09-04,110900.633412981,575.23,82.8,326.69,27.54,87.23,0.0,0.0
2025-09-05,110711.229484804,576.06,82.92,331.05,27.4,88.56,0.0,0.0
2025-09-06,110243.650741672,,,,,,0.0,0.0
2025-09-07,111307.784421087,,,,,,0.0,0.0
2025-09-08,112112.311575102,578.87,82.97,334.82,27.31,89.74,0.0,0.0
2025-09-09,111486.396779836,580.51,82.9,334.06,27.42,89.23,0.0,0.0
2025-09-10,113930.748423437,580.7,82.91,335.26,27.44,89.74,0.0,0.0
2025-09-11,115445.812932648,584.08,82.94,334.76,27.35,90.34,0.0,0.0
2025-09-12,116149.174031958,586.66,82.93,335.42,27.39,89.95,0.0,0.0
2025-09-13,115965.627551268,,,,,,0.0,0.0
2025-09-14,115395.933423437,,,,,,0.0,0.0
2025-09-15,115420.931814144,591.68,82.96,338.91,27.3,90.16,0.0,0.0
2025-09-16,116798.874620164,591.18,83.0,339.59,27.13,90.35,0.0,0.0
2025-09-17,116575.777628866,590.0,82.96,336.97,27.22,90.12,0.0,0.0
2025-09-18,117014.426762174,595.32,82.93,335.62,27.35,89.19,0.0,0.0
2025-09-19,115612.372541695,599.35,82.96,339.18,27.43,89.02,0.0,0.0
2025-09-20,115753.165960549,,,,,,0.0,0.0
2025-09-21,115320.858829047,,,,,,0.0,0.0
2025-09-22,112727.70773813,602.2,82.92,345.05,27.33,88.7,0.69395,0.0
2025-09-23,112052.393282022,598.2,82.95,346.46,27.31,89.32,0.0,0.0
2025-09-24,113324.623592192,596.1,82.91,343.32,27.51,88.98,0.0,0.0
2025-09-25,109166.347974874,593.53,82.84,344.75,27.7,88.98,0.0,0.0
2025-09-26,109669.102166861,595.97,82.89,346.74,27.6,88.9,0.0,0.0
2025-09-27,109644.73069287,,,,,,0.0,0.0
2025-09-28,112170.00778609,,,,,,0.0,0.0
2025-09-29,114341.141435418,598.73,82.92,352.46,27.54,89.63,0.0,0.0
2025-09-30,113971.742796902,600.37,82.96,355.47,27.51,89.37,0.0,0.0
2025-10-01,118393.270386324,603.25,82.8,356.03,27.5,89.29,0.0,0.256251
2025-10-02,120558.594007013,605.73,82.82,354.79,27.54,89.55,0.0,0.0
2025-10-03,122348.127640269,603.18,82.79,357.64,27.49,89.38,0.0,0.0
2025-10-04,122379.744317651,,,,,,0.0,0.0
2025-10-05,123523.768313852,,,,,,0.0,0.0
2025-10-06,124824.453666861,607.71,82.77,364.38,27.62,88.67,0.0,0.0
2025-10-07,121587.699236704,604.51,82.81,366.26,27.78,89.18,0.0,0.0
2025-10-08,123390.353094682,611.44,82.8,372.3,27.84,89.25,0.0,0.0
2025-10-09,121603.33278609,610.7,82.79,365.43,28.03,89.18,0.0,0.0
2025-10-10,113754.852328171,589.5,82.93,369.12,27.89,90.62,0.0,0.0
2025-10-11,110940.113648159,,,,,,0.0,0.0
2025-10-12,115152.917045003,,,,,,0.0,0.0
2025-10-13,115332.252929573,602.01,83.09,378.09,27.99,90.57,0.0,0.0
2025-10-14,113327.079410286,598.0,83.03,380.79,27.91,90.86,0.0,0.0
2025-10-15,110862.872485389,602.22,82.99,387.39,27.83,90.66,0.0,0.0
2025-10-16,108135.049605786,599.99,83.1,396.45,27.72,91.34,0.0,0.0
2025-10-17,106625.668651373,603.93,83.085,388.99,27.75,91.2,0.0,0.0
2025-10-18,107143.913935126,,,,,,0.0,0.0
2025-10-19,108706.663763881,,,,,,0.0,0.0
2025-10-20,110640.249515488,611.54,83.1,403.15,27.82,91.55,0.0,0.0
2025-10-21,108700.382071888,611.38,83.12,377.24,27.93,92.0,0.0,0.0
2025-10-22,107667.630188486,605.49,83.12,377.28,27.9,92.06,0.0,0.0
2025-10-23,110060.936797195,610.58,83.06,378.79,27.91,91.43,0.0,0.0
2025-10-24,111024.94314699,617.1,83.11,377.52,27.91,91.47,0.0,0.0
2025-10-25,111614.535857686,,,,,,0.0,0.0
2025-10-26,114557.100460549,,,,,,0.0,0.0
2025-10-27,114087.773805085,628.09,83.09,367.01,27.88,91.78,0.0,0.0
2025-10-28,112980.685846289,632.92,83.1,364.38,27.86,92.02,0.0,0.0
2025-10-29,110206.347983051,635.77,82.935,363.0,28.02,91.09,0.0,0.0
2025-10-30,108019.723841905,626.05,82.95,370.13,28.13,90.56,0.0,0.0
2025-10-31,109554.239627703,629.07,82.98,368.12,28.21,90.29,0.0,0.0
2025-11-01,110005.295855348,,,,,,0.0,0.0
2025-11-02,110389.168627119,,,,,,0.0,0.0
2025-11-03,106495.802789889,632.08,82.72,368.78,28.23,89.74,0.0,0.262737
2025-11-04,101349.73723232,619.25,82.75,362.32,28.32,89.94,0.0,0.0
2025-11-05,103915.88479135,623.28,82.69,366.51,28.33,88.96,0.0,0.0
2025-11-06,101241.573677966,611.67,82.79,366.07,28.18,89.76,0.0,0.0
2025-11-07,103428.471746932,609.74,82.83,368.31,28.16,89.57,0.0,0.0
2025-11-08,102335.021439217,,,,,,0.0,0.0
2025-11-09,104685.54544097,,,,,,0.0,0.0
2025-11-10,106082.478156926,623.23,82.81,378.38,28.18,89.55,0.0,0.0
2025-11-11,102974.405611631,621.57,82.88,379.87,28.14,89.96,0.0,0.0
2025-11-12,101682.126652835,621.08,82.85,385.99,28.15,90.12,0.0,0.0
2025-11-13,100035.310145237,608.4,82.8,382.87,28.07,89.38,0.0,0.0
2025-11-14,94503.2576025716,608.86,82.83,375.96,28.11,88.87,0.0,0.0
2025-11-15,95541.3158389831,,,,,,0.0,0.0
2025-11-16,94182.3130996493,,,,,,0.0,0.0
2025-11-17,91911.4713471654,603.66,82.82,371.65,28.18,89.09,0.0,0.0
2025-11-18,92836.4419111631,596.31,82.87,374.35,28.21,89.06,0.0,0.0
2025-11-19,91320.4811332554,599.87,82.86,374.96,28.39,88.88,0.0,0.0
2025-11-20,86911.2980590298,585.67,82.93,374.85,28.41,89.23,0.0,0.0
2025-11-21,84948.0463205727,590.07,83.03,374.27,28.39,89.5,0.0,0.0
2025-11-22,84775.0015452952,,,,,,0.0,0.0
2025-11-23,86872.4546630625,,,,,,0.0,0.0
2025-11-24,88377.6024421391,605.16,83.04,380.2,28.39,90.01,0.0,0.0
2025-11-25,87434.550610754,608.89,83.09,380.08,28.31,90.24,0.0,0.0
2025-11-26,90449.2770675044,614.27,83.08,383.12,28.23,90.64,0.0,0.0
2025-11-27,91336.2000452952,,,,,,0.0,0.0
2025-11-28,90990.1266104617,619.25,83.08,387.88,28.21,90.21,0.0,0.0
2025-11-29,90842.0738243717,,,,,,0.0,0.0
2025-11-30,90607.7021513735,,,,,,0.0,0.0
2025-12-01,86504.6368156049,617.17,82.76,389.75,28.2,88.77,0.0,0.248818
2025-12-02,91528.0245809468,622.0,82.81,387.24,28.19,88.81,0.0,0.0
2025-12-03,93609.0938658679,623.52,82.86,386.88,28.05,89.06,0.0,0.0
2025-12-04,92205.5929544126,622.94,82.8,387.13,28.11,88.58,0.0,0.0
2025-12-05,89279.8344634717,625.48,82.77,386.44,28.08,88.17,0.0,0.0
2025-12-06,89169.5570610754,,,,,,0.0,0.0
2025-12-07,90067.847399474,,,,,,0.0,0.0
2025-12-08,90673.1444436003,624.28,82.75,385.42,28.12,87.88,0.0,0.0
2025-12-09,92808.8518477498,625.05,82.71,387.4,28.16,87.97,0.0,0.0
2025-12-10,92102.9300917592,627.61,82.85,389.05,28.01,88.31,0.0,0.0
2025-12-11,92623.7198708358,625.58,82.86,393.24,27.91,88.19,0.0,0.0
2025-12-12,90331.6083091759,613.62,82.87,395.44,27.95,87.34,0.0,0.0
2025-12-13,90245.267264173,,,,,,0.0,0.0
2025-12-14,88096.3826142607,,,,,,0.0,0.0
2025-12-15,86352.5802565751,610.54,82.92,395.8,27.93,87.4,0.0,0.0
2025-12-16,87752.4290336061,611.75,82.96,395.89,27.9,87.88,0.0,0.0
2025-12-17,86059.5522241379,600.41,82.97,399.29,27.96,87.8,0.0,0.0
2025-12-18,85434.1928673291,609.11,83.03,398.57,27.98,88.22,0.0,0.0
2025-12-19,88168.0738325541,617.05,82.76,399.02,28.07,87.55,0.0,0.254847
2025-12-20,88292.4536373466,,,,,,0.0,0.0
2025-12-21,88533.4309830508,,,,,,0.0,0.0
2025-12-22,88474.4622331969,619.21,82.72,408.23,27.03,87.36,0.79408,0.0
2025-12-23,87365.9937872589,622.11,82.68,413.64,26.94,87.5,0.0,0.0
2025-12-24,87625.6707895967,623.93,82.73,411.93,26.95,88.03,0.0,0.0
2025-12-25,87231.3047685564,,,,,,0.0,0.0
2025-12-26,87334.8077808299,623.89,82.79,416.74,26.97,87.74,0.0,0.0
2025-12-27,87695.4159076564,,,,,,0.0,0.0
2025-12-28,87747.6491548802,,,,,,0.0,0.0
2025-12-29,87133.5103991818,620.87,82.83,398.6,26.98,88.07,0.0,0.0
2025-12-30,88428.4922735243,619.43,82.85,398.89,27.05,87.86,0.0,0.0
2025-12-31,87516.9780376972,614.31,82.82,396.31,27.03,87.16,0.0,0.0
2026-01-01,88684.2178474576,,,,,,0.0,0.0
2026-01-02,89940.1801671537,613.12,82.86,398.28,27.11,87.03,0.0,0.0
2026-01-03,90598.1301832262,,,,,,0.0,0.0
2026-01-04,91359.7636823495,,,,,,0.0,0.0
2026-01-05,93948.5821794272,617.99,82.89,408.76,27.07,87.46,0.0,0.0
2026-01-06,93574.2871122151,623.42,82.9,413.18,27.16,87.28,0.0,0.0
2026-01-07,91208.9562606663,624.02,82.89,409.23,27.2,87.79,0.0,0.0
2026-01-08,91096.9161554647,620.47,82.86,411.49,27.27,87.35,0.0,0.0
2026-01-09,90539.6032288136,626.65,82.83,414.47,27.33,87.93,0.0,0.0
2026-01-10,90406.1424114553,,,,,,0.0,0.0
2026-01-11,90717.2063153127,,,,,,0.0,0.0
2026-01-12,91141.1498489188,627.17,82.83,422.23,27.28,87.67,0.0,0.0
2026-01-13,95304.4982942724,626.24,82.85,421.63,27.35,87.82,0.0,0.0
2026-01-14,97043.9927258913,619.55,82.87,425.94,27.33,88.33,0.0,0.0
2026-01-15,95546.1397381648,621.78,82.81,423.33,27.43,88.31,0.0,0.0
2026-01-16,95489.1299602572,621.26,82.79,421.29,27.43,87.8,0.0,0.0
2026-01-17,95106.980462595,,,,,,0.0,0.0
2026-01-18,94261.3294313267,,,,,,0.0,0.0
2026-01-19,92526.2419643483,,,,,,0.0,0.0
2026-01-20,88236.5631922852,608.06,82.8,437.23,27.21,86.65,0.0,0.0
2026-01-21,89599.361874927,616.28,82.84,443.6,27.27,87.31,0.0,0.0
2026-01-22,89395.700735827,620.76,82.81,451.79,27.15,87.69,0.0,0.0
2026-01-23,89439.7718909994,622.72,82.84,458.0,26.91,87.93,0.0,0.0
2026-01-24,89185.0386990064,,,,,,0.0,0.0
2026-01-25,86445.6705926359,,,,,,0.0,0.0
2026-01-26,88337.4545511397,625.46,82.87,464.7,26.78,88.35,0.0,0.0
2026-01-27,89260.3805397429,631.13,82.89,476.1,26.47,87.8,0.0,0.0
2026-01-28,89177.7892507306,633.22,82.89,494.56,26.63,87.6,0.0,0.0
2026-01-29,84520.3973106371,629.43,82.92,495.9,26.59,87.62,0.0,0.0
2026-01-30,84017.0340292227,621.87,82.99,444.95,26.85,87.13,0.0,0.0
2026-01-31,78702.38550263,,,,,,0.0,0.0
2026-02-01,76911.0523772648,,,,,,0.0,0.0
2026-02-02,78716.6018088837,626.14,82.7,427.13,26.99,86.55,0.0,0.249955
2026-02-03,75684.7660277616,616.52,82.69,454.29,26.92,86.76,0.0,0.0
2026-02-04,73095.1914646406,605.75,82.73,453.97,27.01,86.54,0.0,0.0
2026-02-05,63494.6884456458,597.03,82.86,441.88,27.09,87.48,0.0,0.0
2026-02-06,70647.6982188778,609.65,82.86,455.46,27.01,87.54,0.0,0.0
2026-02-07,69166.2594424313,,,,,,0.0,0.0
2026-02-08,70522.5892393337,,,,,,0.0,0.0
2026-02-09,70244.1017773232,614.32,82.88,467.03,26.79,87.52,0.0,0.0
2026-02-10,68688.793113384,611.47,82.93,462.4,26.8,88.53,0.0,0.0
2026-02-11,66989.7165920514,613.11,82.85,467.63,26.83,88.06,0.0,0.0
2026-02-12,66221.5443115137,600.64,82.93,451.39,26.82,89.23,0.0,0.0
2026-02-13,68860.8411633548,601.92,83.06,462.62,26.82,89.72,0.0,0.0
2026-02-14,69798.0791253653,,,,,,0.0,0.0
2026-02-15,68629.9599760374,,,,,,0.0,0.0
2026-02-16,68747.4380286383,,,,,,0.0,0.0
2026-02-17,67471.0508465809,601.3,83.03,448.2,26.91,89.87,0.0,0.0
2026-02-18,66380.7069611339,605.79,82.98,458.28,27.08,89.53,0.0,0.0
2026-02-19,66932.3522118644,603.47,82.98,459.56,27.12,89.62,0.0,0.0
2026-02-20,67977.3092612507,608.81,82.99,468.62,27.09,89.41,0.0,0.0
2026-02-21,68020.6677612507,,,,,,0.0,0.0
2026-02-22,67550.0240768556,,,,,,0.0,0.0
2026-02-23,64689.9123308007,601.41,83.06,481.28,27.09,89.74,0.0,0.0
2026-02-24,64123.7510780245,607.87,83.06,474.61,27.11,89.9,0.0,0.0
2026-02-25,68038.5221794272,616.68,83.04,473.42,27.08,89.91,0.0,0.0
2026-02-26,67519.2645292227,609.24,83.07,477.48,27.1,90.27,0.0,0.0
2026-02-27,65864.1358170661,607.29,83.18,483.75,27.08,90.82,0.0,0.0
2026-02-28,66965.6353091759,,,,,,0.0,0.0
2026-03-01,65733.5212597896,,,,,,0.0,0.0
2026-03-02,68922.6242974869,608.09,82.81,490.0,27.33,89.61,0.0,0.222982
2026-03-03,68431.1740306838,601.58,82.8,468.14,27.46,89.43,0.0,0.0
2026-03-04,72667.4630575687,610.75,82.75,471.8,27.41,89.15,0.0,0.0
2026-03-05,70987.427176505,608.91,82.69,466.13,27.48,88.79,0.0,0.0
2026-03-06,68226.7053927528,599.75,82.73,473.51,27.47,88.46,0.0,0.0
2026-03-07,67315.5529135009,,,,,,0.0,0.0
2026-03-08,66202.6978731736,,,,,,0.0,0.0
2026-03-09,68528.5384699007,607.76,82.77,472.53,27.46,89.23,0.0,0.0
2026-03-10,69891.8238576856,607.77,82.72,477.86,27.45,88.28,0.0,0.0
2026-03-11,70298.5753530099,607.69,82.64,476.24,27.55,87.14,0.0,0.0
2026-03-12,70538.1074623027,597.26,82.5,466.88,27.68,86.97,0.0,0.0
2026-03-13,70930.0132793688,593.72,82.55,460.84,27.89,86.54,0.0,0.0
2026-03-14,71136.2179199299,,,,,,0.0,0.0
2026-03-15,72712.1461957919,,,,,,0.0,0.0
2026-03-16,74723.9575534775,600.38,82.65,460.43,27.73,87.21,0.0,0.0
2026-03-17,74086.013609585,603.31,82.66,459.27,27.68,87.45,0.0,0.0
2026-03-18,71253.9579275278,594.9,82.51,444.74,27.85,86.955,0.0,0.0
2026-03-19,69948.9048267095,593.02,82.49,426.41,27.58,87.49,0.0,0.0
2026-03-20,70510.4196797194,582.06,82.31,413.38,27.68,85.83,0.0,0.0
2026-03-21,69707.285009059,,,,,,0.0,0.0
2026-03-22,68018.1534815897,,,,,,0.0,0.0
2026-03-23,70726.2110461718,588.0,82.43,404.04,27.56,86.385,0.73282,0.0
2026-03-24,70610.0187121566,583.98,82.31,404.13,27.65,86.01,0.0,0.0
2026-03-25,71281.2973921683,587.82,82.4,416.29,27.7,86.84,0.0,0.0
2026-03-26,68722.9718366452,573.79,82.22,400.64,27.81,86.11,0.0,0.0
2026-03-27,66214.1715134424,562.58,82.39,414.7,27.84,85.64,0.0,0.0
2026-03-28,66351.0725251315,,,,,,0.0,0.0
2026-03-29,65966.7523939217,,,,,,0.0,0.0
2026-03-30,66651.2320037989,558.28,82.5,414.58,27.98,86.78,0.0,0.0
2026-03-31,68214.8680388662,577.18,82.57,430.29,27.78,86.69,0.0,0.0
2026-04-01,68116.8167933957,584.31,82.32,437.82,27.73,86.26,0.0,0.246905
2026-04-02,66908.3179918177,584.98,82.36,429.41,27.86,86.79,0.0,0.0
2026-04-03,66891.7422279369,,,,,,0.0,0.0
2026-04-04,67295.1309137931,,,,,,0.0,0.0
2026-04-05,68921.8060911748,,,,,,0.0,0.0
2026-04-06,68742.9133085915,588.5,82.28,427.65,27.83,86.65,0.0,0.0
2026-04-07,72057.1243614845,588.59,82.34,431.81,27.75,86.64,0.0,0.0
2026-04-08,71085.0583702513,606.09,82.42,434.53,27.53,86.92,0.0,0.0
2026-04-09,71788.6797825833,610.19,82.44,437.91,27.48,86.7,0.0,0.0
2026-04-10,72945.0707241379,611.07,82.41,437.13,27.44,86.49,0.0,0.0
2026-04-11,73119.1091168907,,,,,,0.0,0.0
2026-04-12,70685.3697019287,,,,,,0.0,0.0
2026-04-13,74632.7455856224,617.39,82.47,435.36,27.38,86.75,0.0,0.0
2026-04-14,74173.5083603156,628.6,82.53,445.09,27.32,87.21,0.0,0.0
2026-04-15,74761.964654588,637.4,82.51,440.46,27.29,86.83,0.0,0.0
2026-04-16,75095.7442159556,640.47,82.48,440.08,27.37,86.28,0.0,0.0
2026-04-17,77114.481438048,648.85,82.64,445.93,27.36,87.07,0.0,0.0
2026-04-18,75792.0637510228,,,,,,0.0,0.0
2026-04-19,73905.2041016949,,,,,,0.0,0.0
2026-04-20,75814.1453237873,646.79,82.6,445.93,27.32,87.05,0.0,0.0
2026-04-21,76107.4432977791,644.33,82.48,429.57,27.47,86.57,0.0,0.0
2026-04-22,78317.7422720631,655.11,82.52,435.26,27.48,86.74,0.0,0.0
2026-04-23,78233.6837492694,651.42,82.48,431.04,27.53,86.55,0.0,0.0
2026-04-24,77444.269277031,663.88,82.57,433.25,27.48,86.71,0.0,0.0
2026-04-25,77624.7114821742,,,,,,0.0,0.0
2026-04-26,78538.7733573933,,,,,,0.0,0.0
2026-04-27,77256.297159848,664.23,82.55,429.89,27.45,86.28,0.0,0.0
2026-04-28,76295.531117183,657.55,82.5,421.91,27.53,86.37,0.0,0.0
2026-04-29,75795.0098530099,661.57,82.39,417.41,27.61,85.7,0.0,0.0
2026-04-30,76299.6161285798,667.74,82.48,423.66,27.36,85.62,0.0,0.0
2026-05-01,78132.6437852133,674.15,82.25,423.18,27.41,85.61,0.0,0.242788
2026-05-02,78712.5387317358,,,,,,0.0,0.0
2026-05-03,78649.1732893045,,,,,,0.0,0.0
2026-05-04,79826.107817066,672.88,82.15,414.71,27.48,84.96,0.0,0.0
2026-05-05,80936.7548252484,681.61,82.19,418.27,27.5,85.43,0.0,0.0
2026-05-06,81364.6201285798,695.77,82.3,430.96,27.35,86.08,0.0,0.0
2026-05-07,79988.9987343659,694.94,82.23,431.68,27.41,85.65,0.0,0.0
2026-05-08,80179.6922957335,711.23,82.3,433.77,27.34,86.08,0.0,0.0
2026-05-09,80663.6296519579,,,,,,0.0,0.0
2026-05-10,82256.781137931,,,,,,0.0,0.0
2026-05-11,81714.7420499708,713.29,82.22,434.65,27.35,85.56,0.0,0.0
2026-05-12,80525.563024547,707.24,82.16,432.93,27.45,84.99,0.0,0.0
2026-05-13,79291.9110017534,714.71,82.19,430.5,27.51,84.8,0.0,0.0
2026-05-14,81175.8271116306,719.79,82.16,427.21,27.62,84.92,0.0,0.0
2026-05-15,79063.4145756868,708.93,82.06,417.29,27.77,83.66,0.0,0.0
2026-05-16,78164.4952711864,,,,,,0.0,0.0
2026-05-17,77497.697113384,,,,,,0.0,0.0
2026-05-18,76975.9111998831,705.88,82.1,418.43,27.7,83.56,0.0,0.0
2026-05-19,76807.460956166,701.53,82.04,411.5,27.79,83.02,0.0,0.0
2026-05-20,77408.1722089421,713.15,82.15,417.4,27.73,83.91,0.0,0.0
2026-05-21,77595.3861717446,714.51,82.14,416.99,27.73,84.22,0.0,0.0
2026-05-22,75567.5430431093,717.54,82.12,413.82,27.77,84.68,0.0,0.0
2026-05-23,76619.8666090415,,,,,,0.0,0.0
2026-05-24,76950.9896316365,,,,,,0.0,0.0
2026-05-25,77244.5722896786,,,,,,0.0,0.0
2026-05-26,75816.0412797019,730.28,82.21,414.0,27.75,85.1,0.0,0.0
2026-05-27,74268.7756418995,729.45,82.22,408.49,27.75,85.3,0.0,0.0
2026-05-28,73500.5305338925,735.6,82.26,412.77,27.7,85.74,0.0,0.0
2026-05-29,73322.8951406751,738.31,82.3,417.12,27.66,85.76,0.0,0.0
2026-05-30,73731.4811337376,,,,,,0.0,0.0
2026-05-31,73599.5607413209,,,,,,0.0,0.0
2026-06-01,71328.7312172998,742.74,82.01,411.26,27.76,85.47,0.0,0.242901
2026-06-02,66540.6926785798,746.16,82.01,411.95,27.76,85.65,0.0,0.0
2026-06-03,64232.5802701052,744.21,81.97,407.87,27.86,85.31,0.0,0.0
2026-06-04,63639.2504696786,740.61,82.03,411.27,27.84,85.5,0.0,0.0
2026-06-05,60907.6055536879,705.06,81.86,396.24,28.02,85.06,0.0,0.0
2026-06-06,60771.611314325,,,,,,0.0,0.0
2026-06-07,63158.25397737,,,,,,0.0,0.0
2026-06-08,63109.6166975745,716.07,81.9,397.27,28.03,84.62,0.0,0.0
2026-06-09,61640.4602024664,707.83,81.94,390.78,28.01,85.12,0.0,0.0
2026-06-10,61435.0773408358,693.69,81.94,374.58,28.05,84.88,0.0,0.0
2026-06-11,63475.3191592987,717.12,82.09,386.32,27.95,85.98,0.0,0.0
2026-06-12,63475.6376139684,721.34,82.07,386.54,27.95,85.77,0.0,0.0
2026-06-13,64423.5445433314,,,,,,0.0,0.0
2026-06-14,65615.3266107481,,,,,,0.0,0.0
2026-06-15,66222.5866309585,744.0,82.11,396.55,27.97,85.72,0.0,0.0
2026-06-16,65638.1446884863,729.86,82.125,397.63,27.93,86.19,0.0,0.0
2026-06-17,64400.725126242,722.51,81.88,388.6,28.18,86.33,0.0,0.0
2026-06-18,62835.2224827586,740.62,81.99,387.12,28.3,86.75,0.0,0.0
2026-06-19,63307.2784012274,,,,,,0.0,0.0
2026-06-20,64220.5363933372,,,,,,0.0,0.0
2026-06-21,63365.4368950906,,,,,,0.0,0.0
2026-06-22,63923.5748693746,737.95,81.91,384.59,28.36,86.09,0.81349,0.0
2026-06-23,62593.34893045,713.65,81.97,377.32,28.45,86.2,0.0,0.0
2026-06-24,60908.1877729398,710.62,82.07,365.92,28.53,87.38,0.0,0.0
2026-06-25,59863.4211537113,716.38,82.09,369.46,28.48,87.35,0.0,0.0
2026-06-26,59961.5113755114,706.52,82.19,373.63,28.46,87.36,0.0,0.0
2026-06-27,59955.5660201637,,,,,,0.0,0.0
2026-06-28,59516.6736531268,,,,,,0.0,0.0
2026-06-29,60175.460563121,724.08,82.17,368.58,28.37,87.45,0.0,0.0
2026-06-30,58525.0753614845,736.4,82.11,368.38,28.41,86.42,0.0,0.0
2026-07-01,60065.5999105786,725.17,81.84,370.6,28.49,85.52,0.0,0.238313
2026-07-02,61438.1894114553,712.6,81.94,378.13,28.34,85.51,0.0,0.0
2026-07-03,62564.6141320865,,,,,,0.0,0.0
2026-07-04,63090.4092688486,,,,,,0.0,0.0
2026-07-05,63619.8810414962,,,,,,0.0,0.0
2026-07-06,64063.0612583285,722.82,81.98,382.13,28.32,85.45,0.0,0.0
2026-07-07,63458.1205143191,709.43,81.86,377.49,28.4,84.55,0.0,0.0
2026-07-08,62214.0424511981,711.44,81.84,374.45,28.36,84.36,0.0,0.0
2026-07-09,63189.3864307423,723.28,81.91,378.18,28.36,84.49,0.0,0.0
2026-07-10,64118.6200949737,725.51,81.88,377.01,28.39,84.47,0.0,0.0
2026-07-11,63892.7086899474,,,,,,0.0,0.0
2026-07-12,63752.2716569258,,,,,,0.0,0.0
2026-07-13,62126.5323722969,711.74,81.79,367.13,28.5,83.97,0.0,0.0
2026-07-14,64934.4426034483,719.69,81.93,372.15,28.39,84.08,0.0,0.0
2026-07-15,64765.0553211572,717.74,82.0,372.35,28.25,84.24,0.0,0.0
2026-07-16,63780.1417434249,705.94,82.0,364.96,28.34,84.21,0.0,0.0
2026-07-17,63915.9181496201,695.33,81.99,368.41,28.33,84.52,0.0,0.0
2026-07-18,64777.6617481005,,,,,,0.0,0.0
2026-07-19,64653.0497457627,,,,,,0.0,0.0
2026-07-20,65181.9241548802,696.06,81.955,367.6,28.39,83.89,0.0,0.0
2026-07-21,66403.0964649328,708.97,81.89,374.81,28.48,83.66,0.0,0.0
2026-07-22,65983.1860485096,705.35,81.83,379.12,28.45,83.44,0.0,0.0
2026-07-23,65094.4103909994,691.96,81.77,371.52,28.56,83.17,0.0,0.0
2026-07-24,64100.1140327294,684.23,81.85,371.9,28.58,83.25,0.0,0.0
2026-07-25,64331.3274596727,,,,,,0.0,0.0
2026-07-26,65328.7891218585,,,,,,0.0,0.0
2026-07-27,63718.2437025132,682.12,81.87,374.63,28.6,83.75,0.0,0.0
2026-07-28,63728.4501987142,675.49,81.94,369.37,28.58,84.24,0.0,0.0
2026-07-29,63904.6444991233,661.73,81.99,371.08,28.42,82.85,0.0,0.0
2026-07-30,64827.5701659848,683.55,82.01,377.16,28.14,82.8,0.0,0.0
2026-07-31,62875.1789333723,687.99,82.0,371.54,28.17,82.25,0.0,0.0
2026-08-01,62751.8791487434,,,,,,0.0,0.0
2026-08-02,63445.6829658095,,,,,,0.0,0.0
2026-08-03,63460.0481116306,700.07,81.77,371.71,28.17,82.19,0.0,0.250772
2026-08-04,64161.470880187,723.85,81.87,374.16,28.16,82.82,0.0,0.0
2026-08-05,64610.3074430158,717.3,81.9,389.64,28.09,83.0,0.0,0.0
2026-08-06,64212.2673161894,714.65,81.8,389.67,28.19,82.52,0.0,0.0
2026-08-07,64869.1683985973,723.03,81.92,398.47,28.07,82.76,0.0,0.0
2026-08-08,64906.9568167738,,,,,,0.0,0.0
2026-08-09,64864.9272893045,,,,,,0.0,0.0
2026-08-10,63907.7478731736,720.87,81.855,402.54,28.14,82.06,0.0,0.0
2026-08-11,63547.4365920514,718.45,81.87,400.96,28.14,82.19,0.0,0.0
2026-08-12,63359.3968950906,723.7,81.92,404.92,28.2,82.11,0.0,0.0
2026-08-13,63395.0080067212,732.07,82.03,398.96,28.18,82.59,0.0,0.0
2026-08-14,62924.7014248977,731.07,82.0,401.48,28.11,82.04,0.0,0.0
2026-08-15,63034.4329655173,,,,,,0.0,0.0
2026-08-16,62818.4112106955,,,,,,0.0,0.0
2026-08-17,64434.1397083577,729.87,82.0,405.49,28.1,81.35,0.0,0.0
2026-08-18,64696.1814053185,717.51,82.02,398.55,28.14,81.66,0.0,0.0
2026-08-19,69267.8268869083,716.08,82.06,413.84,27.88,83.02,0.0,0.0
2026-08-20,73070.9310248627,710.93,82.02,415.26,27.91,82.34,0.0,0.0
2026-08-21,78359.170712256,713.44,82.0,423.36,27.9,82.05,0.0,0.0
2026-08-22,77020.1308082058,,,,,,0.0,0.0
2026-08-23,77593.0280291116,,,,,,0.0,0.0
2026-08-24,78894.4979810754,706.32,81.995,426.69,27.96,82.56,0.0,0.0
